Timesteps,Simulation_2026-04-07_20-16-25,Simulation_2026-04-07_20-16-59,Simulation_2026-04-07_20-17-01,Simulation_2026-04-07_20-17-03,Simulation_2026-04-07_20-17-04
0,0,0,0,0,0
1,0,0,0,0,0
2,0,0,2,0,0
3,0,0,2,0,0
4,0,0,2,0,0
5,0,0,2,0,0
6,0,0,2,0,0
7,0,0,2,0,0
8,0,0,2,0,0
9,0,0,2,0,0
10,0,0,2,0,0
11,0,0,2,2,0
12,0,0,2,2,0
13,0,0,2,2,0
14,0,0,2,2,0
15,0,0,2,2,0
16,0,0,2,2,0
17,0,0,2,2,0
18,0,0,2,2,0
19,0,0,2,2,2
20,0,0,2,2,2
21,0,0,2,2,2
22,0,0,2,2,2
23,0,0,2,2,2
24,0,0,2,2,2
25,0,0,2,2,2
26,0,0,2,2,2
27,0,0,2,2,2
28,0,0,2,2,2
29,0,0,2,2,2
30,0,2,2,2,2
31,0,2,2,2,2
32,0,2,2,2,2
33,2,2,2,4,2
34,2,2,2,4,2
35,2,2,2,4,2
36,2,2,4,4,2
37,2,2,4,4,2
38,2,2,6,4,2
39,2,2,6,4,2
40,2,2,6,4,2
41,2,2,6,4,2
42,2,2,6,4,2
43,2,2,6,4,2
44,2,2,6,4,2
45,2,2,6,4,2
46,2,2,6,4,2
47,2,2,6,4,2
48,2,2,6,4,2
49,2,2,6,4,2
50,2,2,6,4,2
51,2,2,6,4,2
52,2,2,6,4,2
53,2,2,6,4,2
54,2,2,6,4,2
55,2,2,6,4,2
56,2,2,6,4,2
57,2,2,6,4,2
58,2,2,6,4,2
59,2,2,6,4,2
60,2,2,6,4,2
61,2,2,6,4,2
62,2,2,6,4,2
63,2,2,6,4,2
64,2,2,6,4,2
65,2,2,6,4,2
66,2,2,6,4,2
67,2,2,6,4,2
68,2,2,6,4,2
69,2,2,6,4,2
70,2,2,6,4,2
71,2,2,6,4,2
72,2,2,6,4,2
73,2,2,6,4,2
74,2,2,6,4,2
75,2,2,6,4,2
76,2,2,6,4,2
77,2,2,6,4,2
78,2,2,6,4,2
79,2,2,6,4,2
80,2,2,6,4,2
81,2,2,6,4,2
82,2,2,6,4,2
83,2,2,6,4,2
84,4,2,6,4,2
85,4,2,6,4,2
86,4,2,6,4,2
87,4,2,6,4,2
88,4,2,6,4,2
89,4,2,6,4,2
90,4,2,6,4,2
91,4,2,6,4,2
92,4,2,6,4,2
93,4,2,6,4,2
94,4,2,6,4,4
95,4,2,6,4,4
96,4,2,6,4,4
97,4,2,6,4,4
98,4,2,6,4,4
99,4,2,6,4,4
100,4,2,6,4,4
101,4,2,6,4,4
102,4,2,6,4,4
103,4,2,6,4,4
104,6,2,6,4,4
105,6,2,6,4,4
106,6,2,6,4,4
107,6,2,6,4,4
108,6,2,6,4,4
109,6,2,6,4,4
110,6,2,6,4,4
111,6,2,6,4,4
112,6,2,6,4,4
113,6,2,6,4,4
114,6,2,6,4,4
115,6,2,6,4,4
116,6,2,6,4,4
117,6,2,6,4,4
118,6,2,6,4,4
119,6,2,6,4,4
120,6,2,6,4,4
121,6,2,6,4,4
122,6,2,6,4,4
123,6,2,6,4,4
124,6,2,6,4,4
125,6,2,6,4,4
126,6,2,6,4,4
127,6,2,6,4,4
128,6,2,6,4,4
129,6,2,6,4,4
130,6,2,6,4,4
131,6,2,6,4,4
132,6,2,6,4,4
133,6,2,6,4,4
134,6,2,6,4,4
135,6,2,6,4,4
136,6,2,6,4,4
137,6,2,6,4,4
138,6,2,6,4,4
139,6,2,6,4,4
140,6,2,6,4,4
141,6,2,6,4,4
142,6,2,6,4,4
143,6,2,6,4,4
144,6,2,6,4,4
145,6,2,6,4,4
146,6,2,6,4,4
147,6,2,6,4,4
148,6,2,6,4,4
149,6,2,6,4,4
150,6,2,6,4,4
151,6,2,6,4,4
152,6,2,6,4,4
153,6,2,6,4,4
154,6,2,6,4,4
155,6,2,6,4,4
156,6,2,6,4,4
157,6,2,6,4,4
158,6,2,6,4,4
159,6,2,6,4,4
160,6,2,6,4,4
161,6,2,6,4,4
162,6,2,6,4,4
163,6,2,6,4,4
164,6,2,6,4,4
165,6,2,6,4,4
166,6,2,6,4,4
167,6,2,6,4,4
168,6,2,6,4,4
169,6,2,6,4,4
170,6,2,6,4,4
171,6,2,6,4,4
172,6,2,6,4,4
173,6,2,6,4,4
174,6,2,6,4,4
175,6,2,6,4,4
176,6,2,6,4,4
177,6,2,6,4,4
178,6,2,6,4,4
179,6,2,6,4,4
180,6,2,6,4,4
181,6,2,6,4,4
182,6,2,6,4,4
183,6,2,6,4,4
184,6,2,6,4,4
185,6,2,6,4,4
186,6,2,6,4,4
187,6,2,6,4,4
188,6,2,6,4,4
189,6,2,6,4,4
190,6,2,6,4,4
191,6,2,6,4,4
192,6,2,6,4,4
193,6,2,6,4,4
194,6,2,6,4,4
195,6,2,6,4,4
196,6,2,6,4,4
197,6,2,6,4,4
198,6,2,6,4,4
199,6,2,6,4,4
200,6,2,6,4,4
201,6,2,6,4,4
202,6,2,6,4,4
203,6,2,6,4,4
204,6,2,6,4,4
205,6,2,6,4,4
206,6,2,6,4,4
207,6,2,6,4,4
208,6,2,6,4,4
209,6,2,6,4,4
210,6,2,6,4,4
211,6,2,6,4,4
212,6,2,6,4,4
213,6,2,6,4,4
214,6,2,6,4,4
215,6,2,6,4,4
216,6,2,6,4,4
217,6,2,6,4,4
218,6,2,6,4,4
219,6,2,6,4,4
220,6,2,6,4,4
221,6,2,6,4,4
222,6,2,6,4,4
223,6,2,6,4,4
224,6,2,6,4,4
225,6,2,6,4,4
226,6,2,6,4,4
227,6,2,6,4,4
228,6,2,6,4,4
229,6,2,6,4,4
230,6,2,6,4,4
231,6,2,6,4,4
232,6,2,6,4,4
233,6,2,6,4,4
234,6,2,6,4,4
235,6,2,6,4,4
236,6,2,6,4,4
237,6,2,6,4,4
238,6,2,6,4,4
239,6,2,6,4,4
240,6,2,6,4,4
241,6,2,6,4,4
242,6,2,6,4,4
243,6,2,6,4,4
244,6,2,6,4,4
245,6,2,6,4,4
246,6,2,6,4,4
247,6,2,6,4,4
248,6,2,6,4,4
249,6,2,6,4,4
250,6,2,6,4,4
251,6,2,6,4,4
252,6,2,6,4,4
253,6,2,6,4,4
254,6,2,6,4,4
255,6,2,6,4,4
256,6,2,6,4,4
257,6,2,6,4,4
258,6,2,6,4,4
259,6,2,6,4,4
260,6,2,6,4,4
261,6,2,6,4,4
262,6,2,6,4,4
263,6,2,6,4,4
264,6,2,6,4,4
265,6,2,6,4,4
266,6,2,6,4,4
267,6,2,6,4,4
268,6,2,6,4,4
269,6,2,6,4,4
270,6,2,6,4,4
271,6,2,6,4,4
272,6,2,6,4,4
273,6,2,6,4,4
274,6,2,6,4,4
275,6,2,6,4,4
276,6,2,6,4,4
277,6,2,6,4,4
278,6,2,6,4,4
279,6,2,6,4,4
280,6,2,6,4,4
281,6,2,6,4,4
282,6,2,6,4,4
283,6,2,6,4,4
284,6,2,6,4,4
285,6,2,6,4,4
286,6,2,6,4,4
287,6,2,6,4,4
288,6,2,6,4,4
289,6,2,6,4,4
290,6,2,6,4,4
291,6,2,6,4,4
292,6,2,6,4,4
293,6,2,6,4,4
294,6,2,6,4,4
295,6,2,6,4,4
296,6,2,6,4,4
297,6,2,6,4,4
298,6,2,6,4,4
299,6,2,6,4,4
300,6,2,6,4,4
301,6,2,6,4,4
302,6,2,6,4,4
303,6,2,6,4,4
304,6,2,6,4,4
305,6,2,6,4,4
306,6,2,6,4,4
307,6,2,6,4,4
308,6,2,6,4,4
309,6,2,6,4,4
310,6,2,6,4,4
311,6,2,6,4,4
312,6,2,6,4,4
313,6,2,6,4,4
314,6,2,6,4,4
315,6,2,6,4,4
316,6,2,6,4,4
317,6,2,6,4,4
318,6,2,6,4,4
319,6,2,6,4,4
320,6,2,6,4,4
321,6,2,6,4,4
322,6,2,6,4,4
323,6,2,6,4,4
324,6,2,6,4,4
325,6,2,6,4,4
326,6,2,6,4,4
327,6,2,6,4,4
328,6,2,6,4,4
329,6,2,6,4,4
330,6,2,6,4,4
331,6,2,6,4,4
332,6,2,6,4,4
333,6,2,6,4,4
334,6,2,6,4,4
335,6,2,6,4,4
336,6,2,6,4,4
337,6,2,6,4,4
338,6,2,6,4,4
339,6,2,6,4,4
340,6,2,6,4,4
341,6,2,6,4,4
342,6,2,6,4,4
343,6,2,6,4,4
344,6,2,6,4,4
345,6,2,6,4,4
346,6,2,6,4,4
347,6,2,6,4,4
348,6,2,6,4,4
349,6,2,6,4,4
350,6,2,6,4,4
351,6,2,6,4,4
352,6,2,6,4,4
353,6,2,6,4,4
354,6,2,6,4,4
355,6,2,6,4,4
356,6,2,6,4,4
357,6,2,6,4,4
358,6,2,6,4,4
359,6,2,6,4,4
360,6,2,6,4,4
361,6,2,6,4,4
362,6,2,6,4,4
363,6,2,6,4,4
364,6,2,6,4,4
365,6,2,6,4,4
366,6,2,6,4,4
367,6,2,6,4,4
368,6,2,6,4,4
369,6,2,6,4,4
370,6,2,6,4,4
371,6,2,6,4,4
372,6,2,6,4,4
373,6,2,6,4,4
374,6,2,6,4,4
375,6,2,6,4,4
376,6,2,6,4,4
377,6,2,6,4,4
378,6,2,6,4,4
379,6,2,6,4,4
380,6,2,6,4,4
381,6,2,6,4,4
382,6,2,6,4,4
383,6,2,6,4,4
384,6,2,6,4,4
385,6,2,6,4,4
386,6,2,6,4,4
387,6,2,6,4,4
388,6,2,6,4,4
389,6,2,6,4,4
390,6,2,6,4,4
391,6,2,6,4,4
392,6,2,6,4,4
393,6,2,6,4,4
394,6,2,6,4,4
395,6,2,6,4,4
396,6,2,6,4,4
397,6,2,6,4,4
398,6,2,6,4,4
399,6,2,6,4,4
400,6,2,6,4,4
401,6,2,6,4,4
402,6,2,6,4,4
403,6,2,6,4,4
404,6,2,6,4,4
405,6,2,6,4,4
406,6,2,6,4,4
407,6,2,6,4,4
408,6,2,6,4,4
409,6,2,6,4,4
410,6,2,6,4,4
411,6,2,6,4,4
412,6,2,6,4,4
413,6,2,6,4,4
414,6,2,6,4,4
415,6,2,6,4,4
416,6,2,6,4,4
417,6,2,6,4,4
418,6,2,6,4,4
419,6,2,6,4,4
420,6,2,6,4,4
421,6,2,6,4,4
422,6,2,6,4,4
423,6,2,6,4,4
424,6,2,6,4,4
425,6,2,6,4,4
426,6,2,6,4,4
427,6,2,6,4,4
428,6,2,6,4,4
429,6,2,6,4,4
430,6,2,6,4,4
431,6,2,6,4,4
432,6,2,6,4,4
433,6,2,6,4,4
434,6,2,6,4,4
435,6,2,6,4,4
436,6,2,6,4,4
437,6,2,6,4,4
438,6,2,6,4,4
439,6,2,6,4,4
440,6,2,6,4,4
441,6,2,6,4,4
442,6,2,6,4,4
443,6,2,6,4,4
444,6,2,6,4,4
445,6,2,6,4,4
446,6,2,6,4,4
447,6,2,6,4,4
448,6,2,6,4,4
449,6,2,6,4,4
450,6,2,6,4,4
451,6,2,6,4,4
452,6,2,6,4,4
453,6,2,6,4,4
454,6,2,6,4,4
455,6,2,6,4,4
456,6,2,6,4,4
457,6,2,6,4,4
458,6,2,6,4,4
459,6,2,6,4,4
460,6,2,6,4,4
461,6,2,6,4,4
462,6,2,6,4,4
463,6,2,6,4,4
464,6,2,6,4,4
465,6,2,6,4,4
466,6,2,6,4,4
467,6,2,6,4,4
468,6,2,6,4,4
469,6,2,6,4,4
470,6,2,6,4,4
471,6,2,6,4,4
472,6,2,6,4,4
473,6,2,6,4,4
474,6,2,6,4,4
475,6,2,6,4,4
476,6,2,6,4,4
477,6,2,6,4,4
478,6,2,6,4,4
479,6,2,6,4,4
480,6,2,6,4,4
481,6,2,6,4,4
482,6,2,6,4,4
483,6,2,6,4,4
484,6,2,6,4,4
485,6,2,6,4,4
486,6,2,6,4,4
487,6,2,6,4,4
488,6,2,6,4,4
489,6,2,6,4,4
490,6,2,6,4,4
491,6,2,6,4,4
492,6,2,6,4,4
493,6,2,6,4,4
494,6,2,6,4,4
495,6,2,6,4,4
496,6,2,6,4,4
497,6,2,6,4,4
498,6,2,6,4,4
499,6,2,6,4,4
500,6,2,6,4,4
501,6,2,6,4,4
502,6,2,6,4,4
503,6,2,6,4,4
504,6,2,6,4,4
505,6,2,6,4,4
506,6,2,6,4,4
507,6,2,6,4,4
508,6,2,6,4,4
509,6,2,6,4,4
510,6,2,6,4,4
511,6,2,6,4,4
512,6,2,6,4,4
513,6,2,6,4,4
514,6,2,6,4,4
515,6,2,6,4,4
516,6,2,6,4,4
517,6,2,6,4,4
518,6,2,6,4,4
519,6,2,6,4,4
520,6,2,6,4,4
521,6,2,6,4,4
522,6,2,6,4,4
523,6,2,6,4,4
524,6,2,6,4,4
525,6,2,6,4,4
526,6,2,6,4,4
527,6,2,6,4,4
528,6,2,6,4,4
529,6,2,6,4,4
530,6,2,6,4,4
531,6,2,6,4,4
532,6,2,6,4,4
533,6,2,6,4,4
534,6,2,6,4,4
535,6,2,6,4,4
536,6,2,6,4,4
537,6,2,6,4,4
538,6,2,6,4,4
539,6,2,6,4,4
540,6,2,6,4,4
541,6,2,6,4,4
542,6,2,6,4,4
543,6,2,6,4,4
544,6,2,6,4,4
545,6,2,6,4,4
546,6,2,6,4,4
547,6,2,6,4,4
548,6,2,6,4,4
549,6,2,6,4,4
550,6,2,6,4,4
551,6,2,6,4,4
552,6,2,6,4,4
553,6,2,6,4,4
554,6,2,6,4,4
555,6,2,6,4,4
556,6,2,6,4,4
557,6,2,6,4,4
558,6,2,6,4,4
559,6,2,6,4,4
560,6,2,6,4,4
561,6,2,6,4,4
562,6,2,6,4,4
563,6,2,6,4,4
564,6,2,6,4,4
565,6,2,6,4,4
566,6,2,6,4,4
567,6,2,6,4,4
568,6,2,6,4,4
569,6,2,6,4,4
570,6,2,6,4,4
571,6,2,6,4,4
572,6,2,6,4,4
573,6,2,6,4,4
574,6,2,6,4,4
575,6,2,6,4,4
576,6,2,6,4,4
577,6,2,6,4,4
578,6,2,6,4,4
579,6,2,6,4,4
580,6,2,6,4,4
581,6,2,6,4,4
582,6,2,6,4,4
583,6,2,6,4,4
584,6,2,6,4,4
585,6,2,6,4,4
586,6,2,6,4,4
587,6,2,6,4,4
588,6,2,6,4,4
589,6,2,6,4,4
590,6,2,6,4,4
591,6,2,6,4,4
592,6,2,6,4,4
593,6,2,6,4,4
594,6,2,6,4,4
595,6,2,6,4,4
596,6,2,6,4,4
597,6,2,6,4,4
598,6,2,6,4,4
599,6,2,6,4,4
600,6,2,6,4,4
601,6,2,6,4,4
602,6,2,6,4,4
603,6,2,6,4,4
604,6,2,6,4,4
605,6,2,6,4,4
606,6,2,6,4,4
607,6,2,6,4,4
608,6,2,6,4,4
609,6,2,6,4,4
610,6,2,6,4,4
611,6,2,6,4,4
612,6,2,6,4,4
613,6,2,6,4,4
614,6,2,6,4,4
615,6,2,6,4,4
616,6,2,6,4,4
617,6,2,6,4,4
618,6,2,6,4,4
619,6,2,6,4,4
620,6,2,6,4,4
621,6,2,6,4,4
622,6,2,6,4,4
623,6,2,6,4,4
624,6,2,6,4,4
625,6,2,6,4,4
626,6,2,6,4,4
627,6,2,6,4,4
628,6,2,6,4,4
629,6,2,6,4,4
630,6,2,6,4,4
631,6,2,6,4,4
632,6,2,6,4,4
633,6,2,6,4,4
634,6,2,6,4,4
635,6,2,6,4,4
636,6,2,6,4,4
637,6,2,6,4,4
638,6,2,6,4,4
639,6,2,6,4,4
640,6,2,6,4,4
641,6,2,6,4,4
642,6,2,6,4,4
643,6,2,6,4,4
644,6,2,6,4,4
645,6,2,6,4,4
646,6,2,6,4,4
647,6,2,6,4,4
648,6,2,6,4,4
649,6,2,6,4,4
650,6,2,6,4,4
651,6,2,6,4,4
652,6,2,6,4,4
653,6,2,6,4,4
654,6,2,6,4,4
655,6,2,6,4,4
656,6,2,6,4,4
657,6,2,6,4,4
658,6,2,6,4,4
659,6,2,6,4,4
660,6,2,6,4,4
661,6,2,6,4,4
662,6,2,6,4,4
663,6,2,6,4,4
664,6,2,6,4,4
665,6,2,6,4,4
666,6,2,6,4,4
667,6,2,6,4,4
668,6,2,6,4,4
669,6,2,6,4,4
670,6,2,6,4,4
671,6,2,6,4,4
672,6,2,6,4,4
673,6,2,6,4,4
674,6,2,6,4,4
675,6,2,6,4,4
676,6,2,6,4,4
677,6,2,6,4,4
678,6,2,6,4,4
679,6,2,6,4,4
680,6,2,6,4,4
681,6,2,6,4,4
682,6,2,6,4,4
683,6,2,6,4,4
684,6,2,6,4,4
685,6,2,6,4,4
686,6,2,6,4,4
687,6,2,6,4,4
688,6,2,6,4,4
689,6,2,6,4,4
690,6,2,6,4,4
691,6,2,6,4,4
692,6,2,6,4,4
693,6,2,6,4,4
694,6,2,6,4,4
695,6,2,6,4,4
696,6,2,6,4,4
697,6,2,6,4,4
698,6,2,6,4,4
699,6,2,6,4,4
700,6,2,6,4,4
701,6,2,6,4,4
702,6,2,6,4,4
703,6,2,6,4,4
704,6,2,6,4,4
705,6,2,6,4,4
706,6,2,6,4,4
707,6,2,6,4,4
708,6,2,6,4,4
709,6,2,6,4,4
710,6,2,6,4,4
711,6,2,6,4,4
712,6,2,6,4,4
713,6,2,6,4,4
714,6,2,6,4,4
715,6,2,6,4,4
716,6,2,6,4,4
717,6,2,6,4,4
718,6,2,6,4,4
719,6,2,6,4,4
720,6,2,6,4,4
721,6,2,6,4,4
722,6,2,6,4,4
723,6,2,6,4,4
724,6,2,6,4,4
725,6,2,6,4,4
726,6,2,6,4,4
727,6,2,6,4,4
728,6,2,6,4,4
729,6,2,6,4,4
730,6,2,6,4,4
731,6,2,6,4,4
732,6,2,6,4,4
733,6,2,6,4,4
734,6,2,6,4,4
735,6,2,6,4,4
736,6,2,6,4,4
737,6,2,6,4,4
738,6,2,6,4,4
739,6,2,6,4,4
740,6,2,6,4,4
741,6,2,6,4,4
742,6,2,6,4,4
743,6,2,6,4,4
744,6,2,6,4,4
745,6,2,6,4,4
746,6,2,6,4,4
747,6,2,6,4,4
748,6,2,6,4,4
749,6,2,6,4,4
750,6,2,6,4,4
751,6,2,6,4,4
752,6,2,6,4,4
753,6,2,6,4,4
754,6,2,6,4,4
755,6,2,6,4,4
756,6,2,6,4,4
757,6,2,6,4,4
758,6,2,6,4,4
759,6,2,6,4,4
760,6,2,6,4,4
761,6,2,6,4,4
762,6,2,6,4,4
763,6,2,6,4,4
764,6,2,6,4,4
765,6,2,6,4,4
766,6,2,6,4,4
767,6,2,6,4,4
768,6,2,6,4,4
769,6,2,6,4,4
770,6,2,6,4,4
771,6,2,6,4,4
772,6,2,6,4,4
773,6,2,6,4,4
774,6,2,6,4,4
775,6,2,6,4,4
776,6,2,6,4,4
777,6,2,6,4,4
778,6,2,6,4,4
779,6,2,6,4,4
780,6,2,6,4,4
781,6,2,6,4,4
782,6,2,6,4,4
783,6,2,6,4,4
784,6,2,6,4,4
785,6,2,6,4,4
786,6,2,6,4,4
787,6,2,6,4,4
788,6,2,6,4,4
789,6,2,6,4,4
790,6,2,6,4,4
791,6,2,6,4,4
792,6,2,6,4,4
793,6,2,6,4,4
794,6,2,6,4,4
795,6,2,6,4,4
796,6,2,6,4,4
797,6,2,6,4,4
798,6,2,6,4,4
799,6,2,6,4,4
800,6,2,6,4,4
801,6,2,6,4,4
802,6,2,6,4,4
803,6,2,6,4,4
804,6,2,6,4,4
805,6,2,6,4,4
806,6,2,6,4,4
807,6,2,6,4,4
808,6,2,6,4,4
809,6,2,6,4,4
810,6,2,6,4,4
811,6,2,6,4,4
812,6,2,6,4,4
813,6,2,6,4,4
814,6,2,6,4,4
815,6,2,6,4,4
816,6,2,6,4,4
817,6,2,6,4,4
818,6,2,6,4,4
819,6,2,6,4,4
820,6,2,6,4,4
821,6,2,6,4,4
822,6,2,6,4,4
823,6,2,6,4,4
824,6,2,6,4,4
825,6,2,6,4,4
826,6,2,6,4,4
827,6,2,6,4,4
828,6,2,6,4,4
829,6,2,6,4,4
830,6,2,6,4,4
831,6,2,6,4,4
832,6,2,6,4,4
833,6,2,6,4,4
834,6,2,6,4,4
835,6,2,6,4,4
836,6,2,6,4,4
837,6,2,6,4,4
838,6,2,6,4,4
839,6,2,6,4,4
840,6,2,6,4,4
841,6,2,6,4,4
842,6,2,6,4,4
843,6,2,6,4,4
844,6,2,6,4,4
845,6,2,6,4,4
846,6,2,6,4,4
847,6,2,6,4,4
848,6,2,6,4,4
849,6,2,6,4,4
850,6,2,6,4,4
851,6,2,6,4,4
852,6,2,6,4,4
853,6,2,6,4,4
854,6,2,6,4,4
855,6,2,6,4,4
856,6,2,6,4,4
857,6,2,6,4,4
858,6,2,6,4,4
859,6,2,6,4,4
860,6,2,6,4,4
861,6,2,6,4,4
862,6,2,6,4,4
863,6,2,6,4,4
864,6,2,6,4,4
865,6,2,6,4,4
866,6,2,6,4,4
867,6,2,6,4,4
868,6,2,6,4,4
869,6,2,6,4,4
870,6,2,6,4,4
871,6,2,6,4,4
872,6,2,6,4,4
873,6,2,6,4,4
874,6,2,6,4,4
875,6,2,6,4,4
876,6,2,6,4,4
877,6,2,6,4,4
878,6,2,6,4,4
879,6,2,6,4,4
880,6,2,6,4,4
881,6,2,6,4,4
882,6,2,6,4,4
883,6,2,6,4,4
884,6,2,6,4,4
885,6,2,6,4,4
886,6,2,6,4,4
887,6,2,6,4,4
888,6,2,6,4,4
889,6,2,6,4,4
890,6,2,6,4,4
891,6,2,6,4,4
892,6,2,6,4,4
893,6,2,6,4,4
894,6,2,6,4,4
895,6,2,6,4,4
896,6,2,6,4,4
897,6,2,6,4,4
898,6,2,6,4,4
899,6,2,6,4,4
900,6,2,6,4,4
901,6,2,6,4,4
902,6,2,6,4,4
903,6,2,6,4,4
904,6,2,6,4,4
905,6,2,6,4,4
906,6,2,6,4,4
907,6,2,6,4,4
908,6,2,6,4,4
909,6,2,6,4,4
910,6,2,6,4,4
911,6,2,6,4,4
912,6,2,6,4,4
913,6,2,6,4,4
914,6,2,6,4,4
915,6,2,6,4,4
916,6,2,6,4,4
917,6,2,6,4,4
918,6,2,6,4,4
919,6,2,6,4,4
920,6,2,6,4,4
921,6,2,6,4,4
922,6,2,6,4,4
923,6,2,6,4,4
924,6,2,6,4,4
925,6,2,6,4,4
926,6,2,6,4,4
927,6,2,6,4,4
928,6,2,6,4,4
929,6,2,6,4,4
930,6,2,6,4,4
931,6,2,6,4,4
932,6,2,6,4,4
933,6,2,6,4,4
934,6,2,6,4,4
935,6,2,6,4,4
936,6,2,6,4,4
937,6,2,6,4,4
938,6,2,6,4,4
939,6,2,6,4,4
940,6,2,6,4,4
941,6,2,6,4,4
942,6,2,6,4,4
943,6,2,6,4,4
944,6,2,6,4,4
945,6,2,6,4,4
946,6,2,6,4,4
947,6,2,6,4,4
948,6,2,6,4,4
949,6,2,6,4,4
950,6,2,6,4,4
951,6,2,6,4,4
952,6,2,6,4,4
953,6,2,6,4,4
954,6,2,6,4,4
955,6,2,6,4,4
956,6,2,6,4,4
957,6,2,6,4,4
958,6,2,6,4,4
959,6,2,6,4,4
960,6,2,6,4,4
961,6,2,6,4,4
962,6,2,6,4,4
963,6,2,6,4,4
964,6,2,6,4,4
965,6,2,6,4,4
966,6,2,6,4,4
967,6,2,6,4,4
968,6,2,6,4,4
969,6,2,6,4,4
970,6,2,6,4,4
971,6,2,6,4,4
972,6,2,6,4,4
973,6,2,6,4,4
974,6,2,6,4,4
975,6,2,6,4,4
976,6,2,6,4,4
977,6,2,6,4,4
978,6,2,6,4,4
979,6,2,6,4,4
980,6,2,6,4,4
981,6,2,6,4,4
982,6,2,6,4,4
983,6,2,6,4,4
984,6,2,6,4,4
985,6,2,6,4,4
986,6,2,6,4,4
987,6,2,6,4,4
988,6,2,6,4,4
989,6,2,6,4,4
990,6,2,6,4,4
991,6,2,6,4,4
992,6,2,6,4,4
993,6,2,6,4,4
994,6,2,6,4,4
995,6,2,6,4,4
996,6,2,6,4,4
997,6,2,6,4,4
998,6,2,6,4,4
999,6,2,6,4,4
1000,6,2,6,4,4
