Filename,Runtime_minutes,Unnamed: 3
Benchmark_Analysis.o2004865.1,77.90823333,Total Time: ~23 hours
Benchmark_Analysis.o2004865.10,75.04218333,Ran 15 simulations in parallel
Benchmark_Analysis.o2004865.100,73.23336667,
Benchmark_Analysis.o2004865.101,78.60141667,
Benchmark_Analysis.o2004865.103,77.82,
Benchmark_Analysis.o2004865.104,75.35796667,
Benchmark_Analysis.o2004865.105,72.89785,
Benchmark_Analysis.o2004865.106,75.05065,
Benchmark_Analysis.o2004865.107,73.19435,
Benchmark_Analysis.o2004865.109,78.00603333,
Benchmark_Analysis.o2004865.11,78.92708333,
Benchmark_Analysis.o2004865.110,78.67601667,
Benchmark_Analysis.o2004865.111,75.29706667,
Benchmark_Analysis.o2004865.112,72.41103333,
Benchmark_Analysis.o2004865.113,74.67901667,
Benchmark_Analysis.o2004865.114,78.43606667,
Benchmark_Analysis.o2004865.115,71.84033333,
Benchmark_Analysis.o2004865.116,70.0757,
Benchmark_Analysis.o2004865.117,77.93235,
Benchmark_Analysis.o2004865.118,75.41681667,
Benchmark_Analysis.o2004865.119,77.68333333,
Benchmark_Analysis.o2004865.12,75.12988333,
Benchmark_Analysis.o2004865.120,81.51748333,
Benchmark_Analysis.o2004865.121,74.21506667,
Benchmark_Analysis.o2004865.122,74.65611667,
Benchmark_Analysis.o2004865.123,76.8533,
Benchmark_Analysis.o2004865.124,74.5911,
Benchmark_Analysis.o2004865.125,76.30306667,
Benchmark_Analysis.o2004865.127,76.12365,
Benchmark_Analysis.o2004865.128,72.8081,
Benchmark_Analysis.o2004865.129,75.4096,
Benchmark_Analysis.o2004865.13,78.8935,
Benchmark_Analysis.o2004865.130,77.56376667,
Benchmark_Analysis.o2004865.131,72.93758333,
Benchmark_Analysis.o2004865.132,74.4906,
Benchmark_Analysis.o2004865.133,75.5152,
Benchmark_Analysis.o2004865.134,73.76888333,
Benchmark_Analysis.o2004865.135,67.13173333,
Benchmark_Analysis.o2004865.136,74.54081667,
Benchmark_Analysis.o2004865.137,79.82478333,
Benchmark_Analysis.o2004865.138,76.96565,
Benchmark_Analysis.o2004865.139,76.4356,
Benchmark_Analysis.o2004865.14,73.04896667,
Benchmark_Analysis.o2004865.140,78.77088333,
Benchmark_Analysis.o2004865.141,70.0322,
Benchmark_Analysis.o2004865.142,74.57553333,
Benchmark_Analysis.o2004865.143,78.3549,
Benchmark_Analysis.o2004865.144,73.13966667,
Benchmark_Analysis.o2004865.145,78.85336667,
Benchmark_Analysis.o2004865.146,73.19853333,
Benchmark_Analysis.o2004865.147,76.01771667,
Benchmark_Analysis.o2004865.148,74.16553333,
Benchmark_Analysis.o2004865.149,77.76738333,
Benchmark_Analysis.o2004865.15,74.97411667,
Benchmark_Analysis.o2004865.150,70.63498333,
Benchmark_Analysis.o2004865.151,72.55748333,
Benchmark_Analysis.o2004865.152,78.44248333,
Benchmark_Analysis.o2004865.153,71.89505,
Benchmark_Analysis.o2004865.154,73.74153333,
Benchmark_Analysis.o2004865.156,80.02445,
Benchmark_Analysis.o2004865.157,76.93898333,
Benchmark_Analysis.o2004865.158,76.16161667,
Benchmark_Analysis.o2004865.159,70.13316667,
Benchmark_Analysis.o2004865.16,77.21898333,
Benchmark_Analysis.o2004865.160,77.04156667,
Benchmark_Analysis.o2004865.161,74.9373,
Benchmark_Analysis.o2004865.162,76.34603333,
Benchmark_Analysis.o2004865.163,85.15455,
Benchmark_Analysis.o2004865.164,78.97053333,
Benchmark_Analysis.o2004865.165,72.04408333,
Benchmark_Analysis.o2004865.166,71.62161667,
Benchmark_Analysis.o2004865.168,76.572,
Benchmark_Analysis.o2004865.169,77.35253333,
Benchmark_Analysis.o2004865.17,75.24501667,
Benchmark_Analysis.o2004865.170,75.0804,
Benchmark_Analysis.o2004865.171,79.99321667,
Benchmark_Analysis.o2004865.172,78.40936667,
Benchmark_Analysis.o2004865.173,74.65796667,
Benchmark_Analysis.o2004865.174,76.58368333,
Benchmark_Analysis.o2004865.175,74.43163333,
Benchmark_Analysis.o2004865.177,74.57065,
Benchmark_Analysis.o2004865.178,82.29815,
Benchmark_Analysis.o2004865.179,75.99815,
Benchmark_Analysis.o2004865.18,73.87141667,
Benchmark_Analysis.o2004865.180,75.33986667,
Benchmark_Analysis.o2004865.181,68.0992,
Benchmark_Analysis.o2004865.182,79.45033333,
Benchmark_Analysis.o2004865.183,70.8467,
Benchmark_Analysis.o2004865.184,76.61455,
Benchmark_Analysis.o2004865.185,75.32536667,
Benchmark_Analysis.o2004865.186,73.09381667,
Benchmark_Analysis.o2004865.187,75.42708333,
Benchmark_Analysis.o2004865.188,78.82826667,
Benchmark_Analysis.o2004865.189,77.96268333,
Benchmark_Analysis.o2004865.19,71.53245,
Benchmark_Analysis.o2004865.190,71.73521667,
Benchmark_Analysis.o2004865.191,71.47195,
Benchmark_Analysis.o2004865.192,75.86915,
Benchmark_Analysis.o2004865.193,68.086,
Benchmark_Analysis.o2004865.194,74.60951667,
Benchmark_Analysis.o2004865.195,75.80096667,
Benchmark_Analysis.o2004865.196,79.30556667,
Benchmark_Analysis.o2004865.197,76.04375,
Benchmark_Analysis.o2004865.198,78.65536667,
Benchmark_Analysis.o2004865.199,80.6592,
Benchmark_Analysis.o2004865.2,74.00265,
Benchmark_Analysis.o2004865.20,69.91493333,
Benchmark_Analysis.o2004865.200,69.16585,
Benchmark_Analysis.o2004865.201,72.63283333,
Benchmark_Analysis.o2004865.202,72.59086667,
Benchmark_Analysis.o2004865.203,74.94368333,
Benchmark_Analysis.o2004865.204,70.44868333,
Benchmark_Analysis.o2004865.205,74.87605,
Benchmark_Analysis.o2004865.206,72.62631667,
Benchmark_Analysis.o2004865.207,75.61706667,
Benchmark_Analysis.o2004865.208,79.7237,
Benchmark_Analysis.o2004865.209,76.30893333,
Benchmark_Analysis.o2004865.21,73.60768333,
Benchmark_Analysis.o2004865.210,79.91988333,
Benchmark_Analysis.o2004865.211,73.91978333,
Benchmark_Analysis.o2004865.212,76.40618333,
Benchmark_Analysis.o2004865.213,73.71516667,
Benchmark_Analysis.o2004865.214,72.23686667,
Benchmark_Analysis.o2004865.215,75.83595,
Benchmark_Analysis.o2004865.216,70.87128333,
Benchmark_Analysis.o2004865.217,77.03388333,
Benchmark_Analysis.o2004865.218,77.4178,
Benchmark_Analysis.o2004865.219,73.59866667,
Benchmark_Analysis.o2004865.22,73.27121667,
Benchmark_Analysis.o2004865.220,73.72311667,
Benchmark_Analysis.o2004865.221,78.9439,
Benchmark_Analysis.o2004865.222,76.37456667,
Benchmark_Analysis.o2004865.223,80.12736667,
Benchmark_Analysis.o2004865.224,73.98226667,
Benchmark_Analysis.o2004865.225,76.37746667,
Benchmark_Analysis.o2004865.226,76.3916,
Benchmark_Analysis.o2004865.227,72.02671667,
Benchmark_Analysis.o2004865.228,75.10725,
Benchmark_Analysis.o2004865.229,78.56628333,
Benchmark_Analysis.o2004865.23,77.2941,
Benchmark_Analysis.o2004865.230,75.26091667,
Benchmark_Analysis.o2004865.231,74.54811667,
Benchmark_Analysis.o2004865.232,80.97195,
Benchmark_Analysis.o2004865.233,77.7316,
Benchmark_Analysis.o2004865.234,74.03856667,
Benchmark_Analysis.o2004865.235,73.96005,
Benchmark_Analysis.o2004865.236,75.59493333,
Benchmark_Analysis.o2004865.237,75.54806667,
Benchmark_Analysis.o2004865.238,77.14591667,
Benchmark_Analysis.o2004865.24,75.0423,
Benchmark_Analysis.o2004865.240,77.39456667,
Benchmark_Analysis.o2004865.241,70.56311667,
Benchmark_Analysis.o2004865.242,77.47441667,
Benchmark_Analysis.o2004865.243,72.89563333,
Benchmark_Analysis.o2004865.244,77.83831667,
Benchmark_Analysis.o2004865.245,77.45981667,
Benchmark_Analysis.o2004865.246,75.14068333,
Benchmark_Analysis.o2004865.247,71.43285,
Benchmark_Analysis.o2004865.248,75.28901667,
Benchmark_Analysis.o2004865.249,80.22618333,
Benchmark_Analysis.o2004865.25,77.61548333,
Benchmark_Analysis.o2004865.250,71.786,
Benchmark_Analysis.o2004865.251,76.2668,
Benchmark_Analysis.o2004865.252,76.71443333,
Benchmark_Analysis.o2004865.253,77.56266667,
Benchmark_Analysis.o2004865.254,71.76721667,
Benchmark_Analysis.o2004865.255,75.3125,
Benchmark_Analysis.o2004865.256,78.78846667,
Benchmark_Analysis.o2004865.258,75.76425,
Benchmark_Analysis.o2004865.259,78.13591667,
Benchmark_Analysis.o2004865.26,73.66286667,
Benchmark_Analysis.o2004865.260,78.01971667,
Benchmark_Analysis.o2004865.261,79.22921667,
Benchmark_Analysis.o2004865.262,74.65825,
Benchmark_Analysis.o2004865.263,78.30065,
Benchmark_Analysis.o2004865.264,80.33265,
Benchmark_Analysis.o2004865.265,69.8833,
Benchmark_Analysis.o2004865.266,75.63595,
Benchmark_Analysis.o2004865.267,76.64918333,
Benchmark_Analysis.o2004865.268,71.2808,
Benchmark_Analysis.o2004865.269,78.32515,
Benchmark_Analysis.o2004865.27,79.50678333,
Benchmark_Analysis.o2004865.270,68.88863333,
Benchmark_Analysis.o2004865.271,76.99916667,
Benchmark_Analysis.o2004865.272,78.42921667,
Benchmark_Analysis.o2004865.273,71.83385,
Benchmark_Analysis.o2004865.274,76.44981667,
Benchmark_Analysis.o2004865.275,77.0158,
Benchmark_Analysis.o2004865.277,74.7588,
Benchmark_Analysis.o2004865.278,75.77265,
Benchmark_Analysis.o2004865.279,73.4857,
Benchmark_Analysis.o2004865.28,74.72356667,
Benchmark_Analysis.o2004865.281,75.39685,
Benchmark_Analysis.o2004865.282,78.77446667,
Benchmark_Analysis.o2004865.283,74.94441667,
Benchmark_Analysis.o2004865.284,68.67921667,
Benchmark_Analysis.o2004865.285,74.07625,
Benchmark_Analysis.o2004865.286,72.34553333,
Benchmark_Analysis.o2004865.287,76.12091667,
Benchmark_Analysis.o2004865.288,69.88636667,
Benchmark_Analysis.o2004865.289,76.08416667,
Benchmark_Analysis.o2004865.29,75.15768333,
Benchmark_Analysis.o2004865.290,78.51345,
Benchmark_Analysis.o2004865.291,76.41116667,
Benchmark_Analysis.o2004865.292,77.91576667,
Benchmark_Analysis.o2004865.293,70.84436667,
Benchmark_Analysis.o2004865.294,77.52855,
Benchmark_Analysis.o2004865.295,68.43125,
Benchmark_Analysis.o2004865.296,76.76405,
Benchmark_Analysis.o2004865.297,76.63405,
Benchmark_Analysis.o2004865.298,80.6179,
Benchmark_Analysis.o2004865.299,73.70108333,
Benchmark_Analysis.o2004865.3,74.38785,
Benchmark_Analysis.o2004865.30,75.01943333,
Benchmark_Analysis.o2004865.300,74.74833333,
Benchmark_Analysis.o2004865.301,75.81106667,
Benchmark_Analysis.o2004865.302,74.04905,
Benchmark_Analysis.o2004865.303,72.986,
Benchmark_Analysis.o2004865.304,71.21243333,
Benchmark_Analysis.o2004865.305,71.0545,
Benchmark_Analysis.o2004865.306,74.78001667,
Benchmark_Analysis.o2004865.307,75.21548333,
Benchmark_Analysis.o2004865.308,75.30688333,
Benchmark_Analysis.o2004865.309,72.68368333,
Benchmark_Analysis.o2004865.31,77.73966667,
Benchmark_Analysis.o2004865.310,74.99483333,
Benchmark_Analysis.o2004865.32,76.26693333,
Benchmark_Analysis.o2004865.33,77.87711667,
Benchmark_Analysis.o2004865.34,75.49316667,
Benchmark_Analysis.o2004865.35,70.20011667,
Benchmark_Analysis.o2004865.36,78.15366667,
Benchmark_Analysis.o2004865.37,68.73133333,
Benchmark_Analysis.o2004865.38,76.0625,
Benchmark_Analysis.o2004865.39,75.81005,
Benchmark_Analysis.o2004865.4,75.19171667,
Benchmark_Analysis.o2004865.40,75.78373333,
Benchmark_Analysis.o2004865.41,79.15611667,
Benchmark_Analysis.o2004865.42,77.79695,
Benchmark_Analysis.o2004865.43,75.77068333,
Benchmark_Analysis.o2004865.44,67.11021667,
Benchmark_Analysis.o2004865.45,78.20381667,
Benchmark_Analysis.o2004865.46,74.51205,
Benchmark_Analysis.o2004865.47,76.89278333,
Benchmark_Analysis.o2004865.48,77.47315,
Benchmark_Analysis.o2004865.49,73.56185,
Benchmark_Analysis.o2004865.5,77.5216,
Benchmark_Analysis.o2004865.50,68.3943,
Benchmark_Analysis.o2004865.51,72.83891667,
Benchmark_Analysis.o2004865.52,79.26535,
Benchmark_Analysis.o2004865.53,73.66858333,
Benchmark_Analysis.o2004865.54,75.73988333,
Benchmark_Analysis.o2004865.55,78.42671667,
Benchmark_Analysis.o2004865.56,73.70986667,
Benchmark_Analysis.o2004865.57,75.57995,
Benchmark_Analysis.o2004865.58,79.66703333,
Benchmark_Analysis.o2004865.59,78.11751667,
Benchmark_Analysis.o2004865.6,71.1574,
Benchmark_Analysis.o2004865.60,77.5075,
Benchmark_Analysis.o2004865.61,74.9494,
Benchmark_Analysis.o2004865.62,75.82543333,
Benchmark_Analysis.o2004865.63,72.02248333,
Benchmark_Analysis.o2004865.64,73.4109,
Benchmark_Analysis.o2004865.65,76.71245,
Benchmark_Analysis.o2004865.66,76.58116667,
Benchmark_Analysis.o2004865.67,78.24185,
Benchmark_Analysis.o2004865.68,69.5267,
Benchmark_Analysis.o2004865.69,73.93346667,
Benchmark_Analysis.o2004865.7,75.06321667,
Benchmark_Analysis.o2004865.70,72.30351667,
Benchmark_Analysis.o2004865.71,74.55326667,
Benchmark_Analysis.o2004865.72,73.0747,
Benchmark_Analysis.o2004865.73,73.67528333,
Benchmark_Analysis.o2004865.74,74.19723333,
Benchmark_Analysis.o2004865.75,77.58685,
Benchmark_Analysis.o2004865.76,73.35991667,
Benchmark_Analysis.o2004865.77,76.7675,
Benchmark_Analysis.o2004865.78,72.60866667,
Benchmark_Analysis.o2004865.79,74.85481667,
Benchmark_Analysis.o2004865.8,75.60185,
Benchmark_Analysis.o2004865.80,76.63541667,
Benchmark_Analysis.o2004865.81,74.76153333,
Benchmark_Analysis.o2004865.82,74.902,
Benchmark_Analysis.o2004865.83,76.3713,
Benchmark_Analysis.o2004865.84,73.04748333,
Benchmark_Analysis.o2004865.85,80.62966667,
Benchmark_Analysis.o2004865.86,73.35076667,
Benchmark_Analysis.o2004865.87,69.53108333,
Benchmark_Analysis.o2004865.88,78.75493333,
Benchmark_Analysis.o2004865.89,68.80471667,
Benchmark_Analysis.o2004865.9,69.99651667,
Benchmark_Analysis.o2004865.90,81.25025,
Benchmark_Analysis.o2004865.91,75.1058,
Benchmark_Analysis.o2004865.92,74.01383333,
Benchmark_Analysis.o2004865.93,78.28871667,
Benchmark_Analysis.o2004865.94,76.60061667,
Benchmark_Analysis.o2004865.95,78.29755,
Benchmark_Analysis.o2004865.96,74.98771667,
Benchmark_Analysis.o2004865.97,77.088,
Benchmark_Analysis.o2004865.98,78.18645,
Benchmark_Analysis.o2004865.99,77.14021667,
