Timesteps,Simulation_2026-04-07_19-56-50,Simulation_2026-04-07_19-56-59,Simulation_2026-04-07_19-57-02,Simulation_2026-04-07_19-57-05,Simulation_2026-04-07_19-57-07
0,0,0,0,0,0
1,0,0,0,0,0
2,0,0,0,0,0
3,0,0,0,0,0
4,0,0,0,0,0
5,0,0,0,0,0
6,0,0,0,0,0
7,0,0,0,0,0
8,0,0,0,0,0
9,0,0,0,0,0
10,0,0,0,0,0
11,0,0,0,0,0
12,0,0,0,0,0
13,0,0,0,0,0
14,0,0,0,0,0
15,0,0,0,0,0
16,0,0,0,0,0
17,0,0,0,0,0
18,0,0,0,0,0
19,0,0,0,0,0
20,0,0,0,0,0
21,0,0,0,0,0
22,0,0,0,3,0
23,0,0,0,3,0
24,0,0,0,4,0
25,0,0,0,4,3
26,0,0,0,4,4
27,0,0,0,4,4
28,0,0,0,4,4
29,0,0,0,4,4
30,0,0,0,5,5
31,0,0,0,5,5
32,0,0,0,7,5
33,0,0,0,7,5
34,0,0,0,7,5
35,0,0,0,7,5
36,0,0,0,7,5
37,0,0,0,7,5
38,0,0,0,7,5
39,0,0,0,7,6
40,0,0,3,7,6
41,0,0,4,8,6
42,0,0,4,10,6
43,0,0,4,11,6
44,3,0,4,11,6
45,3,0,4,11,7
46,3,0,8,12,8
47,3,0,8,12,10
48,3,0,9,12,10
49,3,0,9,12,10
50,3,0,10,12,10
51,6,3,11,14,10
52,7,4,11,14,11
53,7,4,11,15,11
54,7,4,12,17,14
55,7,4,13,17,14
56,7,4,13,17,14
57,7,4,13,17,14
58,7,5,13,19,15
59,7,6,14,19,16
60,7,6,15,21,16
61,9,6,15,22,16
62,10,6,15,23,16
63,10,6,17,23,16
64,12,6,18,23,16
65,13,7,19,23,16
66,14,7,19,23,16
67,15,10,19,24,16
68,15,11,20,25,16
69,15,11,20,25,16
70,15,11,20,25,16
71,15,11,21,25,16
72,15,11,21,25,16
73,16,11,21,26,16
74,18,11,23,27,16
75,18,11,23,27,16
76,18,11,23,27,16
77,18,11,23,27,16
78,18,11,23,27,16
79,18,13,23,27,16
80,18,13,23,27,16
81,19,13,23,27,16
82,20,13,23,27,16
83,20,14,24,27,16
84,20,16,24,27,16
85,21,18,24,27,16
86,21,19,25,27,16
87,21,19,25,27,17
88,21,20,25,27,17
89,21,20,26,27,17
90,21,20,26,27,17
91,21,20,27,27,17
92,22,20,27,27,20
93,22,22,27,27,20
94,22,22,27,28,20
95,22,23,27,28,20
96,22,24,27,29,21
97,22,24,27,29,21
98,22,24,27,29,21
99,22,25,27,29,21
100,22,25,27,29,21
101,22,25,27,29,21
102,22,25,27,29,21
103,23,25,27,29,21
104,23,26,27,29,21
105,23,26,27,29,21
106,23,26,27,29,21
107,23,26,27,29,21
108,23,26,27,29,22
109,23,26,27,29,22
110,24,26,27,29,22
111,24,26,27,29,22
112,24,27,28,29,23
113,24,27,28,29,23
114,24,27,28,29,23
115,24,27,28,29,23
116,24,27,28,30,23
117,24,27,29,30,23
118,24,27,29,30,23
119,24,27,29,30,23
120,24,27,29,30,23
121,24,27,29,30,23
122,24,27,29,30,23
123,25,29,29,30,23
124,25,29,30,30,23
125,25,29,30,30,23
126,25,30,30,30,23
127,25,30,30,30,23
128,25,30,30,30,23
129,25,30,30,30,23
130,25,30,30,30,23
131,25,30,30,30,23
132,25,30,30,30,24
133,25,30,30,30,24
134,27,30,30,30,24
135,27,30,30,30,24
136,27,30,30,30,24
137,27,30,30,30,25
138,27,30,30,30,25
139,27,30,30,30,25
140,27,30,30,30,25
141,27,30,30,30,25
142,27,30,30,30,25
143,27,30,30,30,25
144,27,30,30,30,25
145,27,30,30,30,25
146,27,30,30,30,25
147,27,30,30,30,25
148,27,30,30,30,25
149,27,30,30,30,25
150,27,30,30,30,25
151,27,30,30,30,25
152,27,30,30,30,25
153,27,30,30,30,25
154,28,30,30,30,25
155,28,30,30,30,25
156,28,30,30,30,26
157,28,30,30,30,27
158,28,30,30,30,28
159,28,30,30,30,28
160,28,30,30,30,28
161,28,30,30,30,28
162,28,30,30,30,28
163,28,30,30,30,29
164,28,30,30,30,29
165,28,30,30,30,29
166,28,30,30,30,29
167,28,30,30,30,29
168,28,30,30,30,29
169,28,30,30,30,29
170,28,30,30,30,29
171,28,30,30,30,29
172,28,30,30,30,29
173,28,30,30,30,29
174,28,30,30,30,29
175,28,30,30,30,30
176,28,30,30,30,30
177,28,30,30,30,30
178,28,30,30,30,30
179,28,30,30,30,30
180,28,30,30,30,30
181,28,30,30,30,30
182,28,30,30,30,30
183,28,30,30,30,30
184,28,30,30,30,30
185,28,30,30,30,30
186,28,30,30,30,30
187,28,30,30,30,30
188,28,30,30,30,30
189,28,30,30,30,30
190,28,30,30,30,30
191,28,30,30,30,30
192,28,30,30,30,30
193,28,30,30,30,30
194,28,30,30,30,30
195,28,30,30,30,30
196,28,30,30,30,30
197,28,30,30,30,30
198,28,30,30,30,30
199,28,30,30,30,30
200,28,30,30,30,30
201,28,30,30,30,30
202,28,30,30,30,30
203,28,30,30,30,30
204,28,30,30,30,30
205,28,30,30,30,30
206,28,30,30,30,30
207,28,30,30,30,30
208,28,30,30,30,30
209,28,30,30,30,30
210,28,30,30,30,30
211,28,30,30,30,30
212,28,30,30,30,30
213,28,30,30,30,30
214,28,30,30,30,30
215,28,30,30,30,30
216,28,30,30,30,30
217,28,30,30,30,30
218,29,30,30,30,30
219,29,30,30,30,30
220,29,30,30,30,30
221,29,30,30,30,30
222,29,30,30,30,30
223,30,30,30,30,30
224,30,30,30,30,30
225,30,30,30,30,30
226,30,30,30,30,30
227,30,30,30,30,30
228,30,30,30,30,30
229,30,30,30,30,30
230,30,30,30,30,30
231,30,30,30,30,30
232,30,30,30,30,30
233,30,30,30,30,30
234,30,30,30,30,30
235,30,30,30,30,30
236,30,30,30,30,30
237,30,30,30,30,30
238,30,30,30,30,30
239,30,30,30,30,30
240,30,30,30,30,30
241,30,30,30,30,30
242,30,30,30,30,30
243,30,30,30,30,30
244,30,30,30,30,30
245,30,30,30,30,30
246,30,30,30,30,30
247,30,30,30,30,30
248,30,30,30,30,30
249,30,30,30,30,30
250,30,30,30,30,30
251,30,30,30,30,30
252,30,30,30,30,30
253,30,30,30,30,30
254,30,30,30,30,30
255,30,30,30,30,30
256,30,30,30,30,30
257,30,30,30,30,30
258,30,30,30,30,30
259,30,30,30,30,30
260,30,30,30,30,30
261,30,30,30,30,30
262,30,30,30,30,30
263,30,30,30,30,30
264,30,30,30,30,30
265,30,30,30,30,30
266,30,30,30,30,30
267,30,30,30,30,30
268,30,30,30,30,30
269,30,30,30,30,30
270,30,30,30,30,30
271,30,30,30,30,30
272,30,30,30,30,30
273,30,30,30,30,30
274,30,30,30,30,30
275,30,30,30,30,30
276,30,30,30,30,30
277,30,30,30,30,30
278,30,30,30,30,30
279,30,30,30,30,30
280,30,30,30,30,30
281,30,30,30,30,30
282,30,30,30,30,30
283,30,30,30,30,30
284,30,30,30,30,30
285,30,30,30,30,30
286,30,30,30,30,30
287,30,30,30,30,30
288,30,30,30,30,30
289,30,30,30,30,30
290,30,30,30,30,30
291,30,30,30,30,30
292,30,30,30,30,30
293,30,30,30,30,30
294,30,30,30,30,30
295,30,30,30,30,30
296,30,30,30,30,30
297,30,30,30,30,30
298,30,30,30,30,30
299,30,30,30,30,30
300,30,30,30,30,30
301,30,30,30,30,30
302,30,30,30,30,30
303,30,30,30,30,30
304,30,30,30,30,30
305,30,30,30,30,30
306,30,30,30,30,30
307,30,30,30,30,30
308,30,30,30,30,30
309,30,30,30,30,30
310,30,30,30,30,30
311,30,30,30,30,30
312,30,30,30,30,30
313,30,30,30,30,30
314,30,30,30,30,30
315,30,30,30,30,30
316,30,30,30,30,30
317,30,30,30,30,30
318,30,30,30,30,30
319,30,30,30,30,30
320,30,30,30,30,30
321,30,30,30,30,30
322,30,30,30,30,30
323,30,30,30,30,30
324,30,30,30,30,30
325,30,30,30,30,30
326,30,30,30,30,30
327,30,30,30,30,30
328,30,30,30,30,30
329,30,30,30,30,30
330,30,30,30,30,30
331,30,30,30,30,30
332,30,30,30,30,30
333,30,30,30,30,30
334,30,30,30,30,30
335,30,30,30,30,30
336,30,30,30,30,30
337,30,30,30,30,30
338,30,30,30,30,30
339,30,30,30,30,30
340,30,30,30,30,30
341,30,30,30,30,30
342,30,30,30,30,30
343,30,30,30,30,30
344,30,30,30,30,30
345,30,30,30,30,30
346,30,30,30,30,30
347,30,30,30,30,30
348,30,30,30,30,30
349,30,30,30,30,30
350,30,30,30,30,30
351,30,30,30,30,30
352,30,30,30,30,30
353,30,30,30,30,30
354,30,30,30,30,30
355,30,30,30,30,30
356,30,30,30,30,30
357,30,30,30,30,30
358,30,30,30,30,30
359,30,30,30,30,30
360,30,30,30,30,30
361,30,30,30,30,30
362,30,30,30,30,30
363,30,30,30,30,30
364,30,30,30,30,30
365,30,30,30,30,30
366,30,30,30,30,30
367,30,30,30,30,30
368,30,30,30,30,30
369,30,30,30,30,30
370,30,30,30,30,30
371,30,30,30,30,30
372,30,30,30,30,30
373,30,30,30,30,30
374,30,30,30,30,30
375,30,30,30,30,30
376,30,30,30,30,30
377,30,30,30,30,30
378,30,30,30,30,30
379,30,30,30,30,30
380,30,30,30,30,30
381,30,30,30,30,30
382,30,30,30,30,30
383,30,30,30,30,30
384,30,30,30,30,30
385,30,30,30,30,30
386,30,30,30,30,30
387,30,30,30,30,30
388,30,30,30,30,30
389,30,30,30,30,30
390,30,30,30,30,30
391,30,30,30,30,30
392,30,30,30,30,30
393,30,30,30,30,30
394,30,30,30,30,30
395,30,30,30,30,30
396,30,30,30,30,30
397,30,30,30,30,30
398,30,30,30,30,30
399,30,30,30,30,30
400,30,30,30,30,30
401,30,30,30,30,30
402,30,30,30,30,30
403,30,30,30,30,30
404,30,30,30,30,30
405,30,30,30,30,30
406,30,30,30,30,30
407,30,30,30,30,30
408,30,30,30,30,30
409,30,30,30,30,30
410,30,30,30,30,30
411,30,30,30,30,30
412,30,30,30,30,30
413,30,30,30,30,30
414,30,30,30,30,30
415,30,30,30,30,30
416,30,30,30,30,30
417,30,30,30,30,30
418,30,30,30,30,30
419,30,30,30,30,30
420,30,30,30,30,30
421,30,30,30,30,30
422,30,30,30,30,30
423,30,30,30,30,30
424,30,30,30,30,30
425,30,30,30,30,30
426,30,30,30,30,30
427,30,30,30,30,30
428,30,30,30,30,30
429,30,30,30,30,30
430,30,30,30,30,30
431,30,30,30,30,30
432,30,30,30,30,30
433,30,30,30,30,30
434,30,30,30,30,30
435,30,30,30,30,30
436,30,30,30,30,30
437,30,30,30,30,30
438,30,30,30,30,30
439,30,30,30,30,30
440,30,30,30,30,30
441,30,30,30,30,30
442,30,30,30,30,30
443,30,30,30,30,30
444,30,30,30,30,30
445,30,30,30,30,30
446,30,30,30,30,30
447,30,30,30,30,30
448,30,30,30,30,30
449,30,30,30,30,30
450,30,30,30,30,30
451,30,30,30,30,30
452,30,30,30,30,30
453,30,30,30,30,30
454,30,30,30,30,30
455,30,30,30,30,30
456,30,30,30,30,30
457,30,30,30,30,30
458,30,30,30,30,30
459,30,30,30,30,30
460,30,30,30,30,30
461,30,30,30,30,30
462,30,30,30,30,30
463,30,30,30,30,30
464,30,30,30,30,30
465,30,30,30,30,30
466,30,30,30,30,30
467,30,30,30,30,30
468,30,30,30,30,30
469,30,30,30,30,30
470,30,30,30,30,30
471,30,30,30,30,30
472,30,30,30,30,30
473,30,30,30,30,30
474,30,30,30,30,30
475,30,30,30,30,30
476,30,30,30,30,30
477,30,30,30,30,30
478,30,30,30,30,30
479,30,30,30,30,30
480,30,30,30,30,30
481,30,30,30,30,30
482,30,30,30,30,30
483,30,30,30,30,30
484,30,30,30,30,30
485,30,30,30,30,30
486,30,30,30,30,30
487,30,30,30,30,30
488,30,30,30,30,30
489,30,30,30,30,30
490,30,30,30,30,30
491,30,30,30,30,30
492,30,30,30,30,30
493,30,30,30,30,30
494,30,30,30,30,30
495,30,30,30,30,30
496,30,30,30,30,30
497,30,30,30,30,30
498,30,30,30,30,30
499,30,30,30,30,30
500,30,30,30,30,30
501,30,30,30,30,30
502,30,30,30,30,30
503,30,30,30,30,30
504,30,30,30,30,30
505,30,30,30,30,30
506,30,30,30,30,30
507,30,30,30,30,30
508,30,30,30,30,30
509,30,30,30,30,30
510,30,30,30,30,30
511,30,30,30,30,30
512,30,30,30,30,30
513,30,30,30,30,30
514,30,30,30,30,30
515,30,30,30,30,30
516,30,30,30,30,30
517,30,30,30,30,30
518,30,30,30,30,30
519,30,30,30,30,30
520,30,30,30,30,30
521,30,30,30,30,30
522,30,30,30,30,30
523,30,30,30,30,30
524,30,30,30,30,30
525,30,30,30,30,30
526,30,30,30,30,30
527,30,30,30,30,30
528,30,30,30,30,30
529,30,30,30,30,30
530,30,30,30,30,30
531,30,30,30,30,30
532,30,30,30,30,30
533,30,30,30,30,30
534,30,30,30,30,30
535,30,30,30,30,30
536,30,30,30,30,30
537,30,30,30,30,30
538,30,30,30,30,30
539,30,30,30,30,30
540,30,30,30,30,30
541,30,30,30,30,30
542,30,30,30,30,30
543,30,30,30,30,30
544,30,30,30,30,30
545,30,30,30,30,30
546,30,30,30,30,30
547,30,30,30,30,30
548,30,30,30,30,30
549,30,30,30,30,30
550,30,30,30,30,30
551,30,30,30,30,30
552,30,30,30,30,30
553,30,30,30,30,30
554,30,30,30,30,30
555,30,30,30,30,30
556,30,30,30,30,30
557,30,30,30,30,30
558,30,30,30,30,30
559,30,30,30,30,30
560,30,30,30,30,30
561,30,30,30,30,30
562,30,30,30,30,30
563,30,30,30,30,30
564,30,30,30,30,30
565,30,30,30,30,30
566,30,30,30,30,30
567,30,30,30,30,30
568,30,30,30,30,30
569,30,30,30,30,30
570,30,30,30,30,30
571,30,30,30,30,30
572,30,30,30,30,30
573,30,30,30,30,30
574,30,30,30,30,30
575,30,30,30,30,30
576,30,30,30,30,30
577,30,30,30,30,30
578,30,30,30,30,30
579,30,30,30,30,30
580,30,30,30,30,30
581,30,30,30,30,30
582,30,30,30,30,30
583,30,30,30,30,30
584,30,30,30,30,30
585,30,30,30,30,30
586,30,30,30,30,30
587,30,30,30,30,30
588,30,30,30,30,30
589,30,30,30,30,30
590,30,30,30,30,30
591,30,30,30,30,30
592,30,30,30,30,30
593,30,30,30,30,30
594,30,30,30,30,30
595,30,30,30,30,30
596,30,30,30,30,30
597,30,30,30,30,30
598,30,30,30,30,30
599,30,30,30,30,30
600,30,30,30,30,30
601,30,30,30,30,30
602,30,30,30,30,30
603,30,30,30,30,30
604,30,30,30,30,30
605,30,30,30,30,30
606,30,30,30,30,30
607,30,30,30,30,30
608,30,30,30,30,30
609,30,30,30,30,30
610,30,30,30,30,30
611,30,30,30,30,30
612,30,30,30,30,30
613,30,30,30,30,30
614,30,30,30,30,30
615,30,30,30,30,30
616,30,30,30,30,30
617,30,30,30,30,30
618,30,30,30,30,30
619,30,30,30,30,30
620,30,30,30,30,30
621,30,30,30,30,30
622,30,30,30,30,30
623,30,30,30,30,30
624,30,30,30,30,30
625,30,30,30,30,30
626,30,30,30,30,30
627,30,30,30,30,30
628,30,30,30,30,30
629,30,30,30,30,30
630,30,30,30,30,30
631,30,30,30,30,30
632,30,30,30,30,30
633,30,30,30,30,30
634,30,30,30,30,30
635,30,30,30,30,30
636,30,30,30,30,30
637,30,30,30,30,30
638,30,30,30,30,30
639,30,30,30,30,30
640,30,30,30,30,30
641,30,30,30,30,30
642,30,30,30,30,30
643,30,30,30,30,30
644,30,30,30,30,30
645,30,30,30,30,30
646,30,30,30,30,30
647,30,30,30,30,30
648,30,30,30,30,30
649,30,30,30,30,30
650,30,30,30,30,30
651,30,30,30,30,30
652,30,30,30,30,30
653,30,30,30,30,30
654,30,30,30,30,30
655,30,30,30,30,30
656,30,30,30,30,30
657,30,30,30,30,30
658,30,30,30,30,30
659,30,30,30,30,30
660,30,30,30,30,30
661,30,30,30,30,30
662,30,30,30,30,30
663,30,30,30,30,30
664,30,30,30,30,30
665,30,30,30,30,30
666,30,30,30,30,30
667,30,30,30,30,30
668,30,30,30,30,30
669,30,30,30,30,30
670,30,30,30,30,30
671,30,30,30,30,30
672,30,30,30,30,30
673,30,30,30,30,30
674,30,30,30,30,30
675,30,30,30,30,30
676,30,30,30,30,30
677,30,30,30,30,30
678,30,30,30,30,30
679,30,30,30,30,30
680,30,30,30,30,30
681,30,30,30,30,30
682,30,30,30,30,30
683,30,30,30,30,30
684,30,30,30,30,30
685,30,30,30,30,30
686,30,30,30,30,30
687,30,30,30,30,30
688,30,30,30,30,30
689,30,30,30,30,30
690,30,30,30,30,30
691,30,30,30,30,30
692,30,30,30,30,30
693,30,30,30,30,30
694,30,30,30,30,30
695,30,30,30,30,30
696,30,30,30,30,30
697,30,30,30,30,30
698,30,30,30,30,30
699,30,30,30,30,30
700,30,30,30,30,30
701,30,30,30,30,30
702,30,30,30,30,30
703,30,30,30,30,30
704,30,30,30,30,30
705,30,30,30,30,30
706,30,30,30,30,30
707,30,30,30,30,30
708,30,30,30,30,30
709,30,30,30,30,30
710,30,30,30,30,30
711,30,30,30,30,30
712,30,30,30,30,30
713,30,30,30,30,30
714,30,30,30,30,30
715,30,30,30,30,30
716,30,30,30,30,30
717,30,30,30,30,30
718,30,30,30,30,30
719,30,30,30,30,30
720,30,30,30,30,30
721,30,30,30,30,30
722,30,30,30,30,30
723,30,30,30,30,30
724,30,30,30,30,30
725,30,30,30,30,30
726,30,30,30,30,30
727,30,30,30,30,30
728,30,30,30,30,30
729,30,30,30,30,30
730,30,30,30,30,30
731,30,30,30,30,30
732,30,30,30,30,30
733,30,30,30,30,30
734,30,30,30,30,30
735,30,30,30,30,30
736,30,30,30,30,30
737,30,30,30,30,30
738,30,30,30,30,30
739,30,30,30,30,30
740,30,30,30,30,30
741,30,30,30,30,30
742,30,30,30,30,30
743,30,30,30,30,30
744,30,30,30,30,30
745,30,30,30,30,30
746,30,30,30,30,30
747,30,30,30,30,30
748,30,30,30,30,30
749,30,30,30,30,30
750,30,30,30,30,30
751,30,30,30,30,30
752,30,30,30,30,30
753,30,30,30,30,30
754,30,30,30,30,30
755,30,30,30,30,30
756,30,30,30,30,30
757,30,30,30,30,30
758,30,30,30,30,30
759,30,30,30,30,30
760,30,30,30,30,30
761,30,30,30,30,30
762,30,30,30,30,30
763,30,30,30,30,30
764,30,30,30,30,30
765,30,30,30,30,30
766,30,30,30,30,30
767,30,30,30,30,30
768,30,30,30,30,30
769,30,30,30,30,30
770,30,30,30,30,30
771,30,30,30,30,30
772,30,30,30,30,30
773,30,30,30,30,30
774,30,30,30,30,30
775,30,30,30,30,30
776,30,30,30,30,30
777,30,30,30,30,30
778,30,30,30,30,30
779,30,30,30,30,30
780,30,30,30,30,30
781,30,30,30,30,30
782,30,30,30,30,30
783,30,30,30,30,30
784,30,30,30,30,30
785,30,30,30,30,30
786,30,30,30,30,30
787,30,30,30,30,30
788,30,30,30,30,30
789,30,30,30,30,30
790,30,30,30,30,30
791,30,30,30,30,30
792,30,30,30,30,30
793,30,30,30,30,30
794,30,30,30,30,30
795,30,30,30,30,30
796,30,30,30,30,30
797,30,30,30,30,30
798,30,30,30,30,30
799,30,30,30,30,30
800,30,30,30,30,30
801,30,30,30,30,30
802,30,30,30,30,30
803,30,30,30,30,30
804,30,30,30,30,30
805,30,30,30,30,30
806,30,30,30,30,30
807,30,30,30,30,30
808,30,30,30,30,30
809,30,30,30,30,30
810,30,30,30,30,30
811,30,30,30,30,30
812,30,30,30,30,30
813,30,30,30,30,30
814,30,30,30,30,30
815,30,30,30,30,30
816,30,30,30,30,30
817,30,30,30,30,30
818,30,30,30,30,30
819,30,30,30,30,30
820,30,30,30,30,30
821,30,30,30,30,30
822,30,30,30,30,30
823,30,30,30,30,30
824,30,30,30,30,30
825,30,30,30,30,30
826,30,30,30,30,30
827,30,30,30,30,30
828,30,30,30,30,30
829,30,30,30,30,30
830,30,30,30,30,30
831,30,30,30,30,30
832,30,30,30,30,30
833,30,30,30,30,30
834,30,30,30,30,30
835,30,30,30,30,30
836,30,30,30,30,30
837,30,30,30,30,30
838,30,30,30,30,30
839,30,30,30,30,30
840,30,30,30,30,30
841,30,30,30,30,30
842,30,30,30,30,30
843,30,30,30,30,30
844,30,30,30,30,30
845,30,30,30,30,30
846,30,30,30,30,30
847,30,30,30,30,30
848,30,30,30,30,30
849,30,30,30,30,30
850,30,30,30,30,30
851,30,30,30,30,30
852,30,30,30,30,30
853,30,30,30,30,30
854,30,30,30,30,30
855,30,30,30,30,30
856,30,30,30,30,30
857,30,30,30,30,30
858,30,30,30,30,30
859,30,30,30,30,30
860,30,30,30,30,30
861,30,30,30,30,30
862,30,30,30,30,30
863,30,30,30,30,30
864,30,30,30,30,30
865,30,30,30,30,30
866,30,30,30,30,30
867,30,30,30,30,30
868,30,30,30,30,30
869,30,30,30,30,30
870,30,30,30,30,30
871,30,30,30,30,30
872,30,30,30,30,30
873,30,30,30,30,30
874,30,30,30,30,30
875,30,30,30,30,30
876,30,30,30,30,30
877,30,30,30,30,30
878,30,30,30,30,30
879,30,30,30,30,30
880,30,30,30,30,30
881,30,30,30,30,30
882,30,30,30,30,30
883,30,30,30,30,30
884,30,30,30,30,30
885,30,30,30,30,30
886,30,30,30,30,30
887,30,30,30,30,30
888,30,30,30,30,30
889,30,30,30,30,30
890,30,30,30,30,30
891,30,30,30,30,30
892,30,30,30,30,30
893,30,30,30,30,30
894,30,30,30,30,30
895,30,30,30,30,30
896,30,30,30,30,30
897,30,30,30,30,30
898,30,30,30,30,30
899,30,30,30,30,30
900,30,30,30,30,30
901,30,30,30,30,30
902,30,30,30,30,30
903,30,30,30,30,30
904,30,30,30,30,30
905,30,30,30,30,30
906,30,30,30,30,30
907,30,30,30,30,30
908,30,30,30,30,30
909,30,30,30,30,30
910,30,30,30,30,30
911,30,30,30,30,30
912,30,30,30,30,30
913,30,30,30,30,30
914,30,30,30,30,30
915,30,30,30,30,30
916,30,30,30,30,30
917,30,30,30,30,30
918,30,30,30,30,30
919,30,30,30,30,30
920,30,30,30,30,30
921,30,30,30,30,30
922,30,30,30,30,30
923,30,30,30,30,30
924,30,30,30,30,30
925,30,30,30,30,30
926,30,30,30,30,30
927,30,30,30,30,30
928,30,30,30,30,30
929,30,30,30,30,30
930,30,30,30,30,30
931,30,30,30,30,30
932,30,30,30,30,30
933,30,30,30,30,30
934,30,30,30,30,30
935,30,30,30,30,30
936,30,30,30,30,30
937,30,30,30,30,30
938,30,30,30,30,30
939,30,30,30,30,30
940,30,30,30,30,30
941,30,30,30,30,30
942,30,30,30,30,30
943,30,30,30,30,30
944,30,30,30,30,30
945,30,30,30,30,30
946,30,30,30,30,30
947,30,30,30,30,30
948,30,30,30,30,30
949,30,30,30,30,30
950,30,30,30,30,30
951,30,30,30,30,30
952,30,30,30,30,30
953,30,30,30,30,30
954,30,30,30,30,30
955,30,30,30,30,30
956,30,30,30,30,30
957,30,30,30,30,30
958,30,30,30,30,30
959,30,30,30,30,30
960,30,30,30,30,30
961,30,30,30,30,30
962,30,30,30,30,30
963,30,30,30,30,30
964,30,30,30,30,30
965,30,30,30,30,30
966,30,30,30,30,30
967,30,30,30,30,30
968,30,30,30,30,30
969,30,30,30,30,30
970,30,30,30,30,30
971,30,30,30,30,30
972,30,30,30,30,30
973,30,30,30,30,30
974,30,30,30,30,30
975,30,30,30,30,30
976,30,30,30,30,30
977,30,30,30,30,30
978,30,30,30,30,30
979,30,30,30,30,30
980,30,30,30,30,30
981,30,30,30,30,30
982,30,30,30,30,30
983,30,30,30,30,30
984,30,30,30,30,30
985,30,30,30,30,30
986,30,30,30,30,30
987,30,30,30,30,30
988,30,30,30,30,30
989,30,30,30,30,30
990,30,30,30,30,30
991,30,30,30,30,30
992,30,30,30,30,30
993,30,30,30,30,30
994,30,30,30,30,30
995,30,30,30,30,30
996,30,30,30,30,30
997,30,30,30,30,30
998,30,30,30,30,30
999,30,30,30,30,30
1000,30,30,30,30,30
