Timesteps,Simulation_2026-03-20_09-58-37,Simulation_2026-03-20_09-58-40,Simulation_2026-03-20_09-58-42,Simulation_2026-03-20_09-58-43,Simulation_2026-03-20_09-58-45
0,0,0,0,0,0
1,0,0,0,0,0
2,0,0,0,0,0
3,0,0,0,0,0
4,0,0,0,0,0
5,0,0,0,0,0
6,0,0,0,0,0
7,0,0,0,0,0
8,0,0,0,0,0
9,0,0,0,0,0
10,0,0,0,0,0
11,0,0,0,0,0
12,0,0,0,0,0
13,0,0,0,3,0
14,0,0,0,3,0
15,0,0,0,4,0
16,0,0,0,4,0
17,0,0,0,4,0
18,0,0,0,4,0
19,0,0,0,4,0
20,0,0,0,4,0
21,0,0,0,4,0
22,0,0,0,4,3
23,0,0,0,4,3
24,0,0,0,4,3
25,0,0,0,4,3
26,0,0,0,4,4
27,0,0,0,4,5
28,0,0,0,4,5
29,0,0,0,4,6
30,0,0,3,4,6
31,0,0,3,4,6
32,0,0,3,5,6
33,0,0,3,6,6
34,0,0,3,6,6
35,0,0,3,6,7
36,0,0,3,6,8
37,0,0,3,6,12
38,0,0,3,6,14
39,0,0,3,6,14
40,0,0,4,7,14
41,0,0,4,7,14
42,0,0,4,7,15
43,0,0,4,8,15
44,0,0,4,8,15
45,0,0,4,10,16
46,0,0,4,12,17
47,0,0,4,12,18
48,0,0,4,12,18
49,0,0,5,15,18
50,0,3,5,15,18
51,0,3,5,15,20
52,3,3,5,15,20
53,3,5,8,15,20
54,3,8,9,15,21
55,3,9,9,15,21
56,3,10,9,15,21
57,3,10,9,16,21
58,3,10,9,16,21
59,3,12,9,16,21
60,3,13,9,16,22
61,3,13,9,16,22
62,3,13,9,16,22
63,3,14,10,16,23
64,3,15,11,16,23
65,3,15,11,16,23
66,4,15,12,19,23
67,5,16,12,19,23
68,5,17,12,19,23
69,5,17,12,22,24
70,5,17,12,22,24
71,5,17,12,22,24
72,5,17,12,23,24
73,5,17,13,23,24
74,5,17,13,23,24
75,5,17,14,23,24
76,5,17,14,23,24
77,5,17,14,23,24
78,6,17,14,23,24
79,7,18,14,24,24
80,8,19,16,24,24
81,9,19,16,24,24
82,10,20,16,24,24
83,11,20,18,24,24
84,13,21,19,24,24
85,13,22,19,25,25
86,13,22,19,25,25
87,13,22,19,25,26
88,14,22,20,25,26
89,14,22,21,25,27
90,14,22,21,25,27
91,14,23,21,27,27
92,14,23,21,27,27
93,14,23,21,27,27
94,14,23,21,27,28
95,14,23,22,27,28
96,14,23,22,27,28
97,14,23,22,27,28
98,15,23,22,27,28
99,16,24,22,27,28
100,16,24,22,27,28
101,16,24,22,27,28
102,16,24,23,28,29
103,19,24,24,28,29
104,19,24,24,28,29
105,19,24,24,28,29
106,20,24,24,29,29
107,21,24,24,29,29
108,21,24,24,29,29
109,21,24,24,29,29
110,21,24,24,29,29
111,21,24,24,29,29
112,21,24,24,29,29
113,21,24,24,29,29
114,22,24,24,29,29
115,22,24,24,29,29
116,22,24,24,29,29
117,22,24,24,29,29
118,22,24,24,29,29
119,22,24,24,29,30
120,23,24,24,29,30
121,23,24,24,29,30
122,23,25,24,29,30
123,23,26,24,29,30
124,23,26,24,29,30
125,24,26,24,29,30
126,24,26,24,29,30
127,24,26,24,29,30
128,24,26,24,29,30
129,24,26,24,30,30
130,24,26,24,30,30
131,24,26,24,30,30
132,24,26,24,30,30
133,24,26,24,30,30
134,24,26,24,30,30
135,25,26,24,30,30
136,25,26,24,30,30
137,25,26,24,30,30
138,25,26,24,30,30
139,25,26,24,30,30
140,26,26,24,30,30
141,26,26,24,30,30
142,26,26,24,30,30
143,26,26,24,30,30
144,26,26,24,30,30
145,26,26,24,30,30
146,26,26,24,30,30
147,26,26,24,30,30
148,26,26,24,30,30
149,26,26,24,30,30
150,26,26,24,30,30
151,26,26,24,30,30
152,26,26,24,30,30
153,26,26,24,30,30
154,26,26,24,30,30
155,26,26,24,30,30
156,26,26,24,30,30
157,26,26,24,30,30
158,26,26,24,30,30
159,26,26,24,30,30
160,26,26,24,30,30
161,26,26,24,30,30
162,26,26,24,30,30
163,26,26,24,30,30
164,26,26,24,30,30
165,26,26,24,30,30
166,26,26,24,30,30
167,26,26,24,30,30
168,26,26,24,30,30
169,26,26,24,30,30
170,26,26,24,30,30
171,26,26,24,30,30
172,26,26,24,30,30
173,26,26,24,30,30
174,26,26,24,30,30
175,26,26,24,30,30
176,26,26,24,30,30
177,26,26,24,30,30
178,26,26,24,30,30
179,26,26,24,30,30
180,26,26,24,30,30
181,26,26,24,30,30
182,26,26,24,30,30
183,26,26,24,30,30
184,26,26,24,30,30
185,26,26,24,30,30
186,26,26,24,30,30
187,26,26,24,30,30
188,26,26,24,30,30
189,26,26,24,30,30
190,26,26,24,30,30
191,26,26,24,30,30
192,26,26,24,30,30
193,26,26,24,30,30
194,26,26,24,30,30
195,26,26,24,30,30
196,26,26,24,30,30
197,26,26,24,30,30
198,26,26,24,30,30
199,26,26,24,30,30
200,26,26,24,30,30
201,26,26,24,30,30
202,26,26,24,30,30
203,26,26,24,30,30
204,26,26,24,30,30
205,26,26,24,30,30
206,26,26,24,30,30
207,26,26,24,30,30
208,26,26,24,30,30
209,26,26,24,30,30
210,26,26,24,30,30
211,26,26,24,30,30
212,26,26,24,30,30
213,26,26,24,30,30
214,26,26,24,30,30
215,26,26,24,30,30
216,26,26,24,30,30
217,26,26,24,30,30
218,26,26,24,30,30
219,26,26,24,30,30
220,26,26,24,30,30
221,26,26,24,30,30
222,26,26,24,30,30
223,26,26,24,30,30
224,26,26,24,30,30
225,26,26,24,30,30
226,26,26,24,30,30
227,26,26,24,30,30
228,26,26,24,30,30
229,26,26,24,30,30
230,26,26,24,30,30
231,26,26,24,30,30
232,26,26,24,30,30
233,26,26,24,30,30
234,26,26,24,30,30
235,26,26,24,30,30
236,26,26,24,30,30
237,26,26,24,30,30
238,26,26,24,30,30
239,26,26,24,30,30
240,26,26,24,30,30
241,26,26,24,30,30
242,26,26,24,30,30
243,26,26,24,30,30
244,26,26,24,30,30
245,26,26,24,30,30
246,26,26,24,30,30
247,26,26,24,30,30
248,26,26,24,30,30
249,26,26,24,30,30
250,26,26,24,30,30
251,26,26,24,30,30
252,26,26,24,30,30
253,26,26,24,30,30
254,26,26,24,30,30
255,26,26,24,30,30
256,26,26,24,30,30
257,26,26,24,30,30
258,26,26,24,30,30
259,26,26,24,30,30
260,26,26,24,30,30
261,26,26,24,30,30
262,26,26,24,30,30
263,26,26,24,30,30
264,26,26,24,30,30
265,26,26,24,30,30
266,26,26,24,30,30
267,26,26,24,30,30
268,26,26,24,30,30
269,26,26,24,30,30
270,26,26,24,30,30
271,26,26,24,30,30
272,26,26,24,30,30
273,26,26,24,30,30
274,26,26,24,30,30
275,26,26,24,30,30
276,26,26,24,30,30
277,26,26,24,30,30
278,26,26,24,30,30
279,26,26,24,30,30
280,26,26,24,30,30
281,26,26,24,30,30
282,26,26,24,30,30
283,26,26,24,30,30
284,26,26,24,30,30
285,26,26,24,30,30
286,26,26,24,30,30
287,26,26,24,30,30
288,26,26,24,30,30
289,26,26,24,30,30
290,26,26,24,30,30
291,26,26,24,30,30
292,26,26,24,30,30
293,26,26,24,30,30
294,26,26,24,30,30
295,26,26,24,30,30
296,26,26,24,30,30
297,26,26,24,30,30
298,26,26,24,30,30
299,26,26,24,30,30
300,26,26,24,30,30
301,26,26,24,30,30
302,26,26,24,30,30
303,26,26,24,30,30
304,26,26,24,30,30
305,26,26,24,30,30
306,26,26,24,30,30
307,26,26,24,30,30
308,26,26,24,30,30
309,26,26,24,30,30
310,26,26,24,30,30
311,26,26,24,30,30
312,26,26,24,30,30
313,26,26,24,30,30
314,26,26,24,30,30
315,26,26,24,30,30
316,26,26,24,30,30
317,26,26,24,30,30
318,26,26,24,30,30
319,26,26,24,30,30
320,26,26,24,30,30
321,26,26,24,30,30
322,26,26,24,30,30
323,26,26,24,30,30
324,26,26,24,30,30
325,26,26,24,30,30
326,26,26,24,30,30
327,26,26,24,30,30
328,26,26,24,30,30
329,26,26,24,30,30
330,26,26,24,30,30
331,26,26,24,30,30
332,26,26,24,30,30
333,26,26,24,30,30
334,26,26,24,30,30
335,26,26,24,30,30
336,26,26,24,30,30
337,26,26,24,30,30
338,26,26,24,30,30
339,26,26,24,30,30
340,26,26,24,30,30
341,26,26,24,30,30
342,26,26,24,30,30
343,26,26,24,30,30
344,26,26,24,30,30
345,26,26,24,30,30
346,26,26,24,30,30
347,26,26,24,30,30
348,26,26,24,30,30
349,26,26,24,30,30
350,26,26,24,30,30
351,26,26,24,30,30
352,26,26,24,30,30
353,26,26,24,30,30
354,26,26,24,30,30
355,26,26,24,30,30
356,26,26,24,30,30
357,26,26,24,30,30
358,26,26,24,30,30
359,26,26,24,30,30
360,26,26,24,30,30
361,26,26,24,30,30
362,26,26,24,30,30
363,26,26,24,30,30
364,26,26,24,30,30
365,26,26,24,30,30
366,26,26,24,30,30
367,26,26,24,30,30
368,26,26,24,30,30
369,26,26,24,30,30
370,26,26,24,30,30
371,26,26,24,30,30
372,26,26,24,30,30
373,26,26,24,30,30
374,26,26,24,30,30
375,26,26,24,30,30
376,26,26,24,30,30
377,26,26,24,30,30
378,26,26,24,30,30
379,26,26,24,30,30
380,26,26,24,30,30
381,26,26,24,30,30
382,26,26,24,30,30
383,26,26,24,30,30
384,26,26,24,30,30
385,26,26,24,30,30
386,26,26,24,30,30
387,26,26,24,30,30
388,26,26,24,30,30
389,26,26,24,30,30
390,26,26,24,30,30
391,26,26,24,30,30
392,26,26,24,30,30
393,26,26,24,30,30
394,26,26,24,30,30
395,26,26,24,30,30
396,26,26,24,30,30
397,26,26,24,30,30
398,26,26,24,30,30
399,26,26,24,30,30
400,26,26,24,30,30
401,26,26,24,30,30
402,26,26,24,30,30
403,26,26,24,30,30
404,26,26,24,30,30
405,26,26,24,30,30
406,26,26,24,30,30
407,26,26,24,30,30
408,26,26,24,30,30
409,26,26,24,30,30
410,26,26,24,30,30
411,26,26,24,30,30
412,26,26,24,30,30
413,26,26,24,30,30
414,26,26,24,30,30
415,26,26,24,30,30
416,26,26,24,30,30
417,26,26,24,30,30
418,26,26,24,30,30
419,26,26,24,30,30
420,26,26,24,30,30
421,26,26,24,30,30
422,26,26,24,30,30
423,26,26,24,30,30
424,26,26,24,30,30
425,26,26,24,30,30
426,26,26,24,30,30
427,26,26,24,30,30
428,26,26,24,30,30
429,26,26,24,30,30
430,26,26,24,30,30
431,26,26,24,30,30
432,26,26,24,30,30
433,26,26,24,30,30
434,26,26,24,30,30
435,26,26,24,30,30
436,26,26,24,30,30
437,26,26,24,30,30
438,26,26,24,30,30
439,26,26,24,30,30
440,26,26,24,30,30
441,26,26,24,30,30
442,26,26,24,30,30
443,26,26,24,30,30
444,26,26,24,30,30
445,26,26,24,30,30
446,26,26,24,30,30
447,26,26,24,30,30
448,26,26,24,30,30
449,26,26,24,30,30
450,26,26,24,30,30
451,26,26,24,30,30
452,26,26,24,30,30
453,26,26,24,30,30
454,26,26,24,30,30
455,26,26,24,30,30
456,26,26,24,30,30
457,26,26,24,30,30
458,26,26,24,30,30
459,26,26,24,30,30
460,26,26,24,30,30
461,26,26,24,30,30
462,26,26,24,30,30
463,26,26,24,30,30
464,26,26,24,30,30
465,26,26,24,30,30
466,26,26,24,30,30
467,26,26,24,30,30
468,26,26,24,30,30
469,26,26,24,30,30
470,26,26,24,30,30
471,26,26,24,30,30
472,26,26,24,30,30
473,26,26,24,30,30
474,26,26,24,30,30
475,26,26,24,30,30
476,26,26,24,30,30
477,26,26,24,30,30
478,26,26,24,30,30
479,26,26,24,30,30
480,26,26,24,30,30
481,26,26,24,30,30
482,26,26,24,30,30
483,26,26,24,30,30
484,26,26,24,30,30
485,26,26,24,30,30
486,26,26,24,30,30
487,26,26,24,30,30
488,26,26,24,30,30
489,26,26,24,30,30
490,26,26,24,30,30
491,26,26,24,30,30
492,26,26,24,30,30
493,26,26,24,30,30
494,26,26,24,30,30
495,26,26,24,30,30
496,26,26,24,30,30
497,26,26,24,30,30
498,26,26,24,30,30
499,26,26,24,30,30
500,26,26,24,30,30
501,26,26,24,30,30
502,26,26,24,30,30
503,26,26,24,30,30
504,26,26,24,30,30
505,26,26,24,30,30
506,26,26,24,30,30
507,26,26,24,30,30
508,26,26,24,30,30
509,26,26,24,30,30
510,26,26,24,30,30
511,26,26,24,30,30
512,26,26,24,30,30
513,26,26,24,30,30
514,26,26,24,30,30
515,26,26,24,30,30
516,26,26,24,30,30
517,26,26,24,30,30
518,26,26,24,30,30
519,26,26,24,30,30
520,26,26,24,30,30
521,26,26,24,30,30
522,26,26,24,30,30
523,26,26,24,30,30
524,26,26,24,30,30
525,26,26,24,30,30
526,26,26,24,30,30
527,26,26,24,30,30
528,26,26,24,30,30
529,26,26,24,30,30
530,26,26,24,30,30
531,26,26,24,30,30
532,26,26,24,30,30
533,26,26,24,30,30
534,26,26,24,30,30
535,26,26,24,30,30
536,26,26,24,30,30
537,26,26,24,30,30
538,26,26,24,30,30
539,26,26,24,30,30
540,26,26,24,30,30
541,26,26,24,30,30
542,26,26,24,30,30
543,26,26,24,30,30
544,26,26,24,30,30
545,26,26,24,30,30
546,26,26,24,30,30
547,26,26,24,30,30
548,26,26,24,30,30
549,26,26,24,30,30
550,26,26,24,30,30
551,26,26,24,30,30
552,26,26,24,30,30
553,26,26,24,30,30
554,26,26,24,30,30
555,26,26,24,30,30
556,26,26,24,30,30
557,26,26,24,30,30
558,26,26,24,30,30
559,26,26,24,30,30
560,26,26,24,30,30
561,26,26,24,30,30
562,26,26,24,30,30
563,26,26,24,30,30
564,26,26,24,30,30
565,26,26,24,30,30
566,26,26,24,30,30
567,26,26,24,30,30
568,26,26,24,30,30
569,26,26,24,30,30
570,26,26,24,30,30
571,26,26,24,30,30
572,26,26,24,30,30
573,26,26,24,30,30
574,26,26,24,30,30
575,26,26,24,30,30
576,26,26,24,30,30
577,26,26,24,30,30
578,26,26,24,30,30
579,26,26,24,30,30
580,26,26,24,30,30
581,26,26,24,30,30
582,26,26,24,30,30
583,26,26,24,30,30
584,26,26,24,30,30
585,26,26,24,30,30
586,26,26,24,30,30
587,26,26,24,30,30
588,26,26,24,30,30
589,26,26,24,30,30
590,26,26,24,30,30
591,26,26,24,30,30
592,26,26,24,30,30
593,26,26,24,30,30
594,26,26,24,30,30
595,26,26,24,30,30
596,26,26,24,30,30
597,26,26,24,30,30
598,26,26,24,30,30
599,26,26,24,30,30
600,26,26,24,30,30
601,26,26,24,30,30
602,26,26,24,30,30
603,26,26,24,30,30
604,26,26,24,30,30
605,26,26,24,30,30
606,26,26,24,30,30
607,26,26,24,30,30
608,26,26,24,30,30
609,26,26,24,30,30
610,26,26,24,30,30
611,26,26,24,30,30
612,26,26,24,30,30
613,26,26,24,30,30
614,26,26,24,30,30
615,26,26,24,30,30
616,26,26,24,30,30
617,26,26,24,30,30
618,26,26,24,30,30
619,26,26,24,30,30
620,26,26,24,30,30
621,26,26,24,30,30
622,26,26,24,30,30
623,26,26,24,30,30
624,26,26,24,30,30
625,26,26,24,30,30
626,26,26,24,30,30
627,26,26,24,30,30
628,26,26,24,30,30
629,26,26,24,30,30
630,26,26,24,30,30
631,26,26,24,30,30
632,26,26,24,30,30
633,26,26,24,30,30
634,26,26,24,30,30
635,26,26,24,30,30
636,26,26,24,30,30
637,26,26,24,30,30
638,26,26,24,30,30
639,26,26,24,30,30
640,26,26,24,30,30
641,26,26,24,30,30
642,26,26,24,30,30
643,26,26,24,30,30
644,26,26,24,30,30
645,26,26,24,30,30
646,26,26,24,30,30
647,26,26,24,30,30
648,26,26,24,30,30
649,26,26,24,30,30
650,26,26,24,30,30
651,26,26,24,30,30
652,26,26,24,30,30
653,26,26,24,30,30
654,26,26,24,30,30
655,26,26,24,30,30
656,26,26,24,30,30
657,26,26,24,30,30
658,26,26,24,30,30
659,26,26,24,30,30
660,26,26,24,30,30
661,26,26,24,30,30
662,26,26,24,30,30
663,26,26,24,30,30
664,26,26,24,30,30
665,26,26,24,30,30
666,26,26,24,30,30
667,26,26,24,30,30
668,26,26,24,30,30
669,26,26,24,30,30
670,26,26,24,30,30
671,26,26,24,30,30
672,26,26,24,30,30
673,26,26,24,30,30
674,26,26,24,30,30
675,26,26,24,30,30
676,26,26,24,30,30
677,26,26,24,30,30
678,26,26,24,30,30
679,26,26,24,30,30
680,26,26,24,30,30
681,26,26,24,30,30
682,26,26,24,30,30
683,26,26,24,30,30
684,26,26,24,30,30
685,26,26,24,30,30
686,26,26,24,30,30
687,26,26,24,30,30
688,26,26,24,30,30
689,26,26,24,30,30
690,26,26,24,30,30
691,26,26,24,30,30
692,26,26,24,30,30
693,26,26,24,30,30
694,26,26,24,30,30
695,26,26,24,30,30
696,26,26,24,30,30
697,26,26,24,30,30
698,26,26,24,30,30
699,26,26,24,30,30
700,26,26,24,30,30
701,26,26,24,30,30
702,26,26,24,30,30
703,26,26,24,30,30
704,26,26,24,30,30
705,26,26,24,30,30
706,26,26,24,30,30
707,26,26,24,30,30
708,26,26,24,30,30
709,26,26,24,30,30
710,26,26,24,30,30
711,26,26,24,30,30
712,26,26,24,30,30
713,26,26,24,30,30
714,26,26,24,30,30
715,26,26,24,30,30
716,26,26,24,30,30
717,26,26,24,30,30
718,26,26,24,30,30
719,26,26,24,30,30
720,26,26,24,30,30
721,26,26,24,30,30
722,26,26,24,30,30
723,26,26,24,30,30
724,26,26,24,30,30
725,26,26,24,30,30
726,26,26,24,30,30
727,26,26,24,30,30
728,26,26,24,30,30
729,26,26,24,30,30
730,26,26,24,30,30
731,26,26,24,30,30
732,26,26,24,30,30
733,26,26,24,30,30
734,26,26,24,30,30
735,26,26,24,30,30
736,26,26,24,30,30
737,26,26,24,30,30
738,26,26,24,30,30
739,26,26,24,30,30
740,26,26,24,30,30
741,26,26,24,30,30
742,26,26,24,30,30
743,26,26,24,30,30
744,26,26,24,30,30
745,26,26,24,30,30
746,26,26,24,30,30
747,26,26,24,30,30
748,26,26,24,30,30
749,26,26,24,30,30
750,26,26,24,30,30
751,26,26,24,30,30
752,26,26,24,30,30
753,26,26,24,30,30
754,26,26,24,30,30
755,26,26,24,30,30
756,26,26,24,30,30
757,26,26,24,30,30
758,26,26,24,30,30
759,26,26,24,30,30
760,26,26,24,30,30
761,26,26,24,30,30
762,26,26,24,30,30
763,26,26,24,30,30
764,26,26,24,30,30
765,26,26,24,30,30
766,26,26,24,30,30
767,26,26,24,30,30
768,26,26,24,30,30
769,26,26,24,30,30
770,26,26,24,30,30
771,26,26,24,30,30
772,26,26,24,30,30
773,26,26,24,30,30
774,26,26,24,30,30
775,26,26,24,30,30
776,26,26,24,30,30
777,26,26,24,30,30
778,26,26,24,30,30
779,26,26,24,30,30
780,26,26,24,30,30
781,26,26,24,30,30
782,26,26,24,30,30
783,26,26,24,30,30
784,26,26,24,30,30
785,26,26,24,30,30
786,26,26,24,30,30
787,26,26,24,30,30
788,26,26,24,30,30
789,26,26,24,30,30
790,26,26,24,30,30
791,26,26,24,30,30
792,26,26,24,30,30
793,26,26,24,30,30
794,26,26,24,30,30
795,26,26,24,30,30
796,26,26,24,30,30
797,26,26,24,30,30
798,26,26,24,30,30
799,26,26,24,30,30
800,26,26,24,30,30
801,26,26,24,30,30
802,26,26,24,30,30
803,26,26,24,30,30
804,26,26,24,30,30
805,26,26,24,30,30
806,26,26,24,30,30
807,26,26,24,30,30
808,26,26,24,30,30
809,26,26,24,30,30
810,26,26,24,30,30
811,26,26,24,30,30
812,26,26,24,30,30
813,26,26,24,30,30
814,26,26,24,30,30
815,26,26,24,30,30
816,26,26,24,30,30
817,26,26,24,30,30
818,26,26,24,30,30
819,26,26,24,30,30
820,26,26,24,30,30
821,26,26,24,30,30
822,26,26,24,30,30
823,26,26,24,30,30
824,26,26,24,30,30
825,26,26,24,30,30
826,26,26,24,30,30
827,26,26,24,30,30
828,26,26,24,30,30
829,26,26,24,30,30
830,26,26,24,30,30
831,26,26,24,30,30
832,26,26,24,30,30
833,26,26,24,30,30
834,26,26,24,30,30
835,26,26,24,30,30
836,26,26,24,30,30
837,26,26,24,30,30
838,26,26,24,30,30
839,26,26,24,30,30
840,26,26,24,30,30
841,26,26,24,30,30
842,26,26,24,30,30
843,26,26,24,30,30
844,26,26,24,30,30
845,26,26,24,30,30
846,26,26,24,30,30
847,26,26,24,30,30
848,26,26,24,30,30
849,26,26,24,30,30
850,26,26,24,30,30
851,26,26,24,30,30
852,26,26,24,30,30
853,26,26,24,30,30
854,26,26,24,30,30
855,26,26,24,30,30
856,26,26,24,30,30
857,26,26,24,30,30
858,26,26,24,30,30
859,26,26,24,30,30
860,26,26,24,30,30
861,26,26,24,30,30
862,26,26,24,30,30
863,26,26,24,30,30
864,26,26,24,30,30
865,26,26,24,30,30
866,26,26,24,30,30
867,26,26,24,30,30
868,26,26,24,30,30
869,26,26,24,30,30
870,26,26,24,30,30
871,26,26,24,30,30
872,26,26,24,30,30
873,26,26,24,30,30
874,26,26,24,30,30
875,26,26,24,30,30
876,26,26,24,30,30
877,26,26,24,30,30
878,26,26,24,30,30
879,26,26,24,30,30
880,26,26,24,30,30
881,26,26,24,30,30
882,26,26,24,30,30
883,26,26,24,30,30
884,26,26,24,30,30
885,26,26,24,30,30
886,26,26,24,30,30
887,26,26,24,30,30
888,26,26,24,30,30
889,26,26,24,30,30
890,26,26,24,30,30
891,26,26,24,30,30
892,26,26,24,30,30
893,26,26,24,30,30
894,26,26,24,30,30
895,26,26,24,30,30
896,26,26,24,30,30
897,26,26,24,30,30
898,26,26,24,30,30
899,26,26,24,30,30
900,26,26,24,30,30
901,26,26,24,30,30
902,26,26,24,30,30
903,26,26,24,30,30
904,26,26,24,30,30
905,26,26,24,30,30
906,26,26,24,30,30
907,26,26,24,30,30
908,26,26,24,30,30
909,26,26,24,30,30
910,26,26,24,30,30
911,26,26,24,30,30
912,26,26,24,30,30
913,26,26,24,30,30
914,26,26,24,30,30
915,26,26,24,30,30
916,26,26,24,30,30
917,26,26,24,30,30
918,26,26,24,30,30
919,26,26,24,30,30
920,26,26,24,30,30
921,26,26,24,30,30
922,26,26,24,30,30
923,26,26,24,30,30
924,26,26,24,30,30
925,26,26,24,30,30
926,26,26,24,30,30
927,26,26,24,30,30
928,26,26,24,30,30
929,26,26,24,30,30
930,26,26,24,30,30
931,26,26,24,30,30
932,26,26,24,30,30
933,26,26,24,30,30
934,26,26,24,30,30
935,26,26,24,30,30
936,26,26,24,30,30
937,26,26,24,30,30
938,26,26,24,30,30
939,26,26,24,30,30
940,26,26,24,30,30
941,26,26,24,30,30
942,26,26,24,30,30
943,26,26,24,30,30
944,26,26,24,30,30
945,26,26,24,30,30
946,26,26,24,30,30
947,26,26,24,30,30
948,26,26,24,30,30
949,26,26,24,30,30
950,26,26,24,30,30
951,26,26,24,30,30
952,26,26,24,30,30
953,26,26,24,30,30
954,26,26,24,30,30
955,26,26,24,30,30
956,26,26,24,30,30
957,26,26,24,30,30
958,26,26,24,30,30
959,26,26,24,30,30
960,26,26,24,30,30
961,26,26,24,30,30
962,26,26,24,30,30
963,26,26,24,30,30
964,26,26,24,30,30
965,26,26,24,30,30
966,26,26,24,30,30
967,26,26,24,30,30
968,26,26,24,30,30
969,26,26,24,30,30
970,26,26,24,30,30
971,26,26,24,30,30
972,26,26,24,30,30
973,26,26,24,30,30
974,26,26,24,30,30
975,26,26,24,30,30
976,26,26,24,30,30
977,26,26,24,30,30
978,26,26,24,30,30
979,26,26,24,30,30
980,26,26,24,30,30
981,26,26,24,30,30
982,26,26,24,30,30
983,26,26,24,30,30
984,26,26,24,30,30
985,26,26,24,30,30
986,26,26,24,30,30
987,26,26,24,30,30
988,26,26,24,30,30
989,26,26,24,30,30
990,26,26,24,30,30
991,26,26,24,30,30
992,26,26,24,30,30
993,26,26,24,30,30
994,26,26,24,30,30
995,26,26,24,30,30
996,26,26,24,30,30
997,26,26,24,30,30
998,26,26,24,30,30
999,26,26,24,30,30
1000,26,26,24,30,30
